Date,tmp_air_max,tmp_air_min,sns_drt,rpr_hail,rpr_snow,rpr_gale,DeadSea_Level,Year,Month,Day,Change_from_lasTest,DeadSeaLevelsInPrecent
1976-01-10,16.738,6.052,528.0,0.0,0.0,0.0,-398.95,1976,1,10,,1.0
1976-01-11,14.579999999999998,5.985999999999999,324.0,0.0,0.0,0.0,-399.01,1976,1,11,-0.060000000000002274,0.9983974358974358
1976-01-12,15.430000000000005,8.209999999999999,304.8,0.06896551724137931,0.0,0.0,-399.12,1976,1,12,-0.11000000000001364,0.9954594017094013
1977-01-01,16.75510204081633,9.412244897959184,138.0,0.0,0.0,0.0,-399.05,1977,1,1,0.06999999999999318,0.9973290598290592
1977-01-02,16.827659574468083,8.524489795918369,352.2857142857143,0.0625,0.0,0.0,-399.04,1977,1,2,0.009999999999990905,0.997596153846153
1977-01-03,14.522448979591838,9.314893617021275,148.28571428571428,0.0,0.0,0.0,-399.04,1977,1,3,0.0,0.997596153846153
1977-01-04,14.153061224489797,8.391836734693875,235.71428571428572,0.03225806451612903,0.0,0.0,-399.05,1977,1,4,-0.009999999999990905,0.9973290598290592
1977-01-05,10.667346938775507,4.860416666666667,168.0,0.3333333333333333,0.12903225806451613,0.0,-399.01,1977,1,5,0.040000000000020464,0.9983974358974358
1977-01-06,9.585714285714287,3.342857142857143,185.14285714285714,0.06060606060606061,0.15625,0.0,-399.14,1977,1,6,-0.12999999999999545,0.9949252136752137
1977-01-07,10.044897959183674,3.7102040816326545,142.28571428571428,0.0625,0.125,0.0,-399.32,1977,1,7,-0.18000000000000682,0.9901175213675213
1977-01-08,10.776000000000002,4.068,212.0,0.0,0.03125,0.0,-399.37,1977,1,8,-0.05000000000001137,0.9887820512820509
1977-01-09,13.976,3.9259999999999993,531.4285714285714,0.0,0.0,0.0,-399.49,1977,1,9,-0.12000000000000455,0.9855769230769226
1977-01-10,14.882000000000003,5.612500000000001,306.0,0.0,0.0,0.03225806451612903,-399.66,1977,1,10,-0.17000000000001592,0.9810363247863239
1977-01-11,15.558000000000002,6.888000000000002,528.8571428571429,0.03225806451612903,0.0,0.0,-399.87,1977,1,11,-0.20999999999997954,0.97542735042735
1977-01-12,15.324000000000003,3.9639999999999986,542.5714285714286,0.0,0.0,0.0,-399.88,1977,1,12,-0.009999999999990905,0.9751602564102563
1978-01-01,16.327450980392165,5.810000000000001,488.0,0.0,0.0,0.0,-399.79,1978,1,1,0.08999999999997499,0.9775641025641018
1978-01-02,14.903921568627451,7.154,149.4,0.0,0.0,0.0,-399.69,1978,1,2,0.10000000000002274,0.9802350427350425
1978-01-03,12.482352941176472,6.192,319.8,0.2,0.07317073170731707,0.15555555555555556,-399.67,1978,1,3,0.01999999999998181,0.9807692307692301
1978-01-04,14.019607843137262,6.378000000000001,319.8,0.14285714285714285,0.023809523809523808,0.15555555555555556,-399.54,1978,1,4,0.12999999999999545,0.9842414529914522
1978-01-05,14.243137254901962,6.528,516.6,0.0,0.0,0.0,-399.53,1978,1,5,0.010000000000047748,0.9845085470085474
1978-01-06,15.466000000000001,4.191999999999999,476.6666666666667,0.0,0.0,0.0,-399.68,1978,1,6,-0.1500000000000341,0.9805021367521363
1978-01-07,16.708000000000002,5.795918367346936,539.3333333333334,0.0,0.0,0.0,-399.83,1978,1,7,-0.14999999999997726,0.9764957264957266
1978-01-08,13.676000000000002,6.201999999999998,312.0,0.05263157894736842,0.0,0.022727272727272728,-399.96,1978,1,8,-0.12999999999999545,0.9730235042735045
1978-01-09,13.206000000000007,6.126530612244898,238.8,0.05,0.0,0.044444444444444446,-400.07,1978,1,9,-0.11000000000001364,0.97008547008547
1978-01-10,11.988,7.126,270.6,0.0,0.0,0.044444444444444446,-400.19,1978,1,10,-0.12000000000000455,0.9668803418803417
1978-01-11,12.86,4.764,492.6,0.0,0.0,0.0,-400.31,1978,1,11,-0.12000000000000455,0.9636752136752134
1978-01-12,15.131372549019611,4.566666666666666,534.0,0.0,0.0,0.0,-400.38,1978,1,12,-0.06999999999999318,0.9618055555555554
1979-01-01,18.190384615384616,7.3999999999999995,530.0,0.0,0.0,0.0,-400.34,1979,1,1,0.040000000000020464,0.962873931623932
1979-01-02,19.424999999999997,7.300000000000001,548.0,0.0,0.0,0.0,-400.33,1979,1,2,0.009999999999990905,0.9631410256410258
1979-01-03,21.74038461538462,8.726923076923073,549.3333333333334,0.0,0.0,0.0,-400.32,1979,1,3,0.009999999999990905,0.9634081196581196
1979-01-04,15.895999999999999,8.522,106.66666666666667,0.024390243902439025,0.0,0.041666666666666664,-400.29,1979,1,4,0.029999999999972715,0.9642094017094008
1979-01-05,13.313461538461537,6.398076923076922,325.5,0.0,0.0,0.0,-400.42,1979,1,5,-0.12999999999999545,0.9607371794871787
1979-01-06,14.505769230769234,5.996153846153845,428.25,0.0,0.0,0.0,-400.54,1979,1,6,-0.12000000000000455,0.9575320512820504
1979-01-07,16.357692307692304,9.024999999999999,349.5,0.0,0.0,0.0,-400.65,1979,1,7,-0.1099999999999568,0.9545940170940174
1979-01-08,15.611538461538466,7.346153846153846,221.25,0.024390243902439025,0.024390243902439025,0.10638297872340426,-400.76,1979,1,8,-0.11000000000001364,0.9516559829059829
1979-01-09,11.333333333333337,5.580392156862745,58.666666666666664,0.07142857142857142,0.07142857142857142,0.1836734693877551,-400.91,1979,1,9,-0.1500000000000341,0.9476495726495717
1979-01-10,15.10576923076923,7.253846153846153,360.6666666666667,0.0,0.0,0.02127659574468085,-400.99,1979,1,10,-0.07999999999998408,0.9455128205128199
1979-01-11,15.276923076923074,7.723076923076923,344.0,0.0,0.0,0.0,-401.08,1979,1,11,-0.08999999999997499,0.9431089743589745
1979-01-12,18.865384615384617,8.628846153846153,345.75,0.0,0.0,0.0,-400.14,1979,1,12,0.9399999999999977,0.9682158119658121
1980-01-01,17.046296296296294,6.424074074074075,439.3333333333333,0.0,0.0,0.0,-400.63,1980,1,1,-0.4900000000000091,0.955128205128205
1980-01-02,16.018518518518515,6.622222222222224,522.0,0.0,0.0,0.0,-400.44,1980,1,2,0.18999999999999773,0.9602029914529913
1980-01-03,17.429629629629634,7.688888888888889,520.0,0.0,0.0,0.0,-400.19,1980,1,3,0.25,0.9668803418803417
1980-01-04,17.36111111111111,6.818867924528303,525.0,0.0,0.0,0.0,-399.77,1980,1,4,0.4200000000000159,0.9780982905982908
1980-01-05,13.064150943396232,6.36923076923077,308.25,0.2619047619047619,0.0975609756097561,0.10638297872340426,-399.66,1980,1,5,0.1099999999999568,0.9810363247863239
1980-01-06,11.755555555555553,5.181481481481484,181.5,0.32558139534883723,0.1590909090909091,0.06382978723404255,-399.65,1980,1,6,0.010000000000047748,0.9813034188034191
1980-01-07,14.45,5.774074074074072,390.6666666666667,0.0,0.024390243902439025,0.0,-399.81,1980,1,7,-0.160000000000025,0.9770299145299142
1980-01-08,14.994444444444445,5.153703703703702,519.3333333333334,0.0,0.0,0.0,-399.97,1980,1,8,-0.160000000000025,0.9727564102564092
1980-01-09,15.048148148148144,4.696296296296297,497.3333333333333,0.0,0.0,0.0,-400.16,1980,1,9,-0.18999999999999773,0.9676816239316229
1980-01-10,14.003703703703703,7.272222222222222,183.33333333333334,0.0,0.0,0.0,-400.31,1980,1,10,-0.14999999999997726,0.9636752136752134
1980-01-11,14.381132075471697,7.527777777777778,25.0,0.0,0.0,0.0,-400.38,1980,1,11,-0.06999999999999318,0.9618055555555554
1980-01-12,14.54339622641509,8.073584905660375,222.0,0.0,0.0,0.0,-400.49,1980,1,12,-0.11000000000001364,0.9588675213675208
1981-01-01,14.729411764705885,4.724,300.85714285714283,0.0,0.0,0.0,-400.23,1981,1,1,0.2599999999999909,0.965811965811965
1981-01-02,14.184313725490197,7.1240000000000006,307.0,0.08108108108108109,0.02631578947368421,0.02127659574468085,-400.18,1981,1,2,0.05000000000001137,0.9671474358974355
1981-01-03,13.780392156862746,8.326,188.0,0.08333333333333333,0.0,0.06521739130434782,-399.86,1981,1,3,0.3199999999999932,0.9756944444444438
1981-01-04,13.79,8.518,130.0,0.0,0.0,0.10869565217391304,-399.69,1981,1,4,0.17000000000001592,0.9802350427350425
1981-01-05,15.784313725490192,7.5360000000000005,522.0,0.0,0.0,0.0,-399.64,1981,1,5,0.05000000000001137,0.9815705128205129
1981-01-06,15.211764705882354,5.764000000000002,553.7142857142857,0.0,0.0,0.0,-399.69,1981,1,6,-0.05000000000001137,0.9802350427350425
1981-01-07,14.137254901960784,6.935999999999999,424.2857142857143,0.0,0.0,0.0,-399.86,1981,1,7,-0.17000000000001592,0.9756944444444438
1981-01-08,17.27647058823529,5.766,536.5714285714286,0.0,0.0,0.0,-400.04,1981,1,8,-0.18000000000000682,0.9708867521367512
1981-01-09,18.366666666666664,6.434,396.0,0.0,0.0,0.0,-400.18,1981,1,9,-0.13999999999998636,0.9671474358974355
1981-01-10,13.351923076923075,6.331372549019607,268.0,0.0,0.0,0.0,-400.34,1981,1,10,-0.15999999999996817,0.962873931623932
1981-01-11,10.811764705882355,5.798039215686275,361.0,0.1794871794871795,0.075,0.125,-400.47,1981,1,11,-0.1300000000000523,0.9594017094017083
1981-01-12,12.79423076923077,6.109803921568625,111.42857142857143,0.05128205128205128,0.1,0.02127659574468085,-400.63,1981,1,12,-0.15999999999996817,0.955128205128205
1982-01-01,18.732653061224486,9.392000000000003,422.25,0.0,0.0,0.0,-400.63,1982,1,1,0.0,0.955128205128205
1982-01-02,20.646938775510208,8.37,527.25,0.0,0.0,0.0,-400.63,1982,1,2,0.0,0.955128205128205
1982-01-03,20.676470588235297,7.929411764705882,509.3333333333333,0.0,0.0,0.0,-400.58,1982,1,3,0.05000000000001137,0.9564636752136754
1982-01-04,17.476470588235294,8.409803921568628,333.3333333333333,0.05555555555555555,0.0,0.0,-400.54,1982,1,4,0.03999999999996362,0.9575320512820504
1982-01-05,13.20392156862745,8.016,85.71428571428571,0.05555555555555555,0.0,0.0,-400.54,1982,1,5,0.0,0.9575320512820504
1982-01-06,16.3156862745098,8.437254901960785,282.0,0.0,0.0,0.0,-400.6,1982,1,6,-0.060000000000002274,0.9559294871794862
1982-01-07,16.89803921568628,7.805882352941177,442.5,0.0,0.0,0.0,-400.73,1982,1,7,-0.12999999999999545,0.9524572649572641
1982-01-08,16.194117647058825,8.372549019607845,367.5,0.0,0.0,0.0,-400.89,1982,1,8,-0.15999999999996817,0.9481837606837608
1982-01-09,16.019607843137248,10.35294117647059,198.75,0.0,0.0,0.023809523809523808,-401.07,1982,1,9,-0.18000000000000682,0.9433760683760682
1982-01-10,15.621568627450975,7.8725490196078445,309.3333333333333,0.0,0.0,0.0,-401.2,1982,1,10,-0.12999999999999545,0.9399038461538461
1982-01-11,16.409803921568624,8.21372549019608,443.3333333333333,0.0,0.0,0.0,-401.3,1982,1,11,-0.10000000000002274,0.9372329059829053
1982-01-12,18.147058823529417,6.617647058823529,534.6666666666666,0.0,0.0,0.0,-401.39,1982,1,12,-0.08999999999997499,0.9348290598290598
1983-01-01,9.448888888888888,4.950000000000001,52.5,0.3333333333333333,0.21212121212121213,0.16666666666666666,-401.49,1983,1,1,-0.10000000000002274,0.9321581196581191
1983-01-02,9.35625,4.29375,83.4,0.18181818181818182,0.2571428571428571,0.0,-401.48,1983,1,2,0.009999999999990905,0.9324252136752129
1983-01-03,10.23958333333333,4.925,86.4,0.0,0.058823529411764705,0.0,-401.39,1983,1,3,0.09000000000003183,0.9348290598290598
1983-01-04,10.866666666666665,5.266666666666667,127.33333333333333,0.0,0.03125,0.0,-401.08,1983,1,4,0.3100000000000023,0.9431089743589745
1983-01-05,10.945833333333331,5.78125,131.33333333333334,0.0,0.0,0.0,-401.11,1983,1,5,-0.03000000000002956,0.9423076923076916
1983-01-06,13.124999999999998,5.408333333333331,271.8,0.0,0.0,0.0,-401.19,1983,1,6,-0.07999999999998408,0.9401709401709399
1983-01-07,14.241666666666665,6.90625,329.3333333333333,0.0,0.0,0.13953488372093023,-401.28,1983,1,7,-0.08999999999997499,0.9377670940170945
1983-01-08,12.464583333333332,6.104166666666665,268.6666666666667,0.0,0.03125,0.047619047619047616,-401.46,1983,1,8,-0.18000000000000682,0.932959401709402
1983-01-09,13.070833333333331,3.652083333333333,347.4,0.0,0.0,0.0,-401.63,1983,1,9,-0.17000000000001592,0.9284188034188032
1983-01-10,14.639583333333334,4.650000000000001,466.8,0.0,0.0,0.0,-401.75,1983,1,10,-0.12000000000000455,0.9252136752136749
1983-01-11,15.618750000000004,4.358333333333332,496.2,0.0,0.0,0.0,-401.93,1983,1,11,-0.18000000000000682,0.9204059829059824
1983-01-12,14.668750000000001,4.4375,500.4,0.0,0.0,0.0,-402.04,1983,1,12,-0.11000000000001364,0.9174679487179479
1984-01-01,15.707407407407404,7.6111111111111125,253.0,0.125,0.0,0.0,-402.19,1984,1,1,-0.14999999999997726,0.9134615384615382
1984-01-02,15.48148148148148,8.955555555555556,300.0,0.0,0.0,0.0,-402.23,1984,1,2,-0.040000000000020464,0.9123931623931616
1984-01-03,17.66296296296296,7.9074074074074066,521.0,0.0,0.0,0.0,-402.28,1984,1,3,-0.049999999999954525,0.9110576923076927
1984-01-04,17.988888888888887,7.251851851851852,509.0,0.0,0.0,0.0,-402.28,1984,1,4,0.0,0.9110576923076927
1984-01-05,17.18148148148148,7.625925925925926,454.0,0.0,0.0,0.0,-402.27,1984,1,5,0.009999999999990905,0.9113247863247865
1984-01-06,18.866666666666667,8.362962962962964,208.0,0.0,0.0,0.0,-402.35,1984,1,6,-0.08000000000004093,0.9091880341880333
1984-01-07,18.844444444444445,11.481481481481481,245.0,0.0,0.0,0.0,-402.48,1984,1,7,-0.12999999999999545,0.9057158119658112
1984-01-08,16.848148148148145,9.15925925925926,470.0,0.0,0.0,0.0,-402.64,1984,1,8,-0.15999999999996817,0.9014423076923077
1984-01-09,15.092592592592593,7.548148148148147,281.0,0.0,0.0,0.0,-402.78,1984,1,9,-0.13999999999998636,0.8977029914529918
1984-01-10,16.903846153846153,7.574074074074074,488.0,0.0,0.0,0.0,-402.86,1984,1,10,-0.08000000000004093,0.8955662393162387
1984-01-11,18.196153846153848,6.811538461538461,520.0,0.0,0.0,0.0,-402.96,1984,1,11,-0.0999999999999659,0.8928952991452994
1984-01-12,17.50384615384615,6.796153846153846,269.0,0.0,0.0,0.0,-403.08,1984,1,12,-0.12000000000000455,0.8896901709401711
1985-01-01,16.507407407407406,7.388888888888889,311.0,0.0,0.0,0.0,-403.1,1985,1,1,-0.020000000000038654,0.889155982905982
1985-01-02,15.796296296296296,6.31851851851852,496.0,0.04,0.0,0.0,-403.2,1985,1,2,-0.0999999999999659,0.8864850427350427
1985-01-03,15.007407407407404,7.3962962962962955,485.0,0.04,0.0,0.0,-403.0,1985,1,3,0.19999999999998863,0.8918269230769228
1985-01-04,17.392592592592592,4.862962962962963,478.0,0.0,0.0,0.0,-402.97,1985,1,4,0.029999999999972715,0.8926282051282041
1985-01-05,16.348148148148148,5.2555555555555555,519.0,0.0,0.0,0.0,-402.93,1985,1,5,0.040000000000020464,0.8936965811965807
1985-01-06,18.014814814814816,6.15925925925926,191.0,0.0,0.0,0.0,-402.97,1985,1,6,-0.040000000000020464,0.8926282051282041
1985-01-07,19.64074074074074,5.933333333333333,554.0,0.0,0.0,0.0,-403.09,1985,1,7,-0.1199999999999477,0.8894230769230773
1985-01-08,21.025000000000002,6.781481481481479,464.0,0.0,0.0,0.0,-403.18,1985,1,8,-0.09000000000003183,0.8870192307692303
1985-01-09,22.832142857142856,8.335714285714285,483.0,0.0,0.0,0.0,-403.3,1985,1,9,-0.12000000000000455,0.883814102564102
1985-01-10,23.096428571428568,10.596428571428572,333.0,0.0,0.0,0.0,-403.45,1985,1,10,-0.14999999999997726,0.8798076923076923
1985-01-11,18.092857142857145,11.114285714285712,184.0,0.0,0.0,0.0,-403.6,1985,1,11,-0.1500000000000341,0.8758012820512812
1985-01-12,18.367857142857144,10.949999999999998,73.0,0.0,0.0,0.0,-403.66,1985,1,12,-0.060000000000002274,0.874198717948717
1986-01-01,20.90689655172414,9.299999999999997,277.0,0.0,0.0,0.0,-403.67,1986,1,1,-0.009999999999990905,0.8739316239316232
1986-01-02,20.807142857142853,10.99655172413793,145.0,0.0,0.0,0.047619047619047616,-403.8,1986,1,2,-0.12999999999999545,0.8704594017094011
1986-01-03,17.389655172413793,10.017241379310345,341.0,0.0,0.0,0.047619047619047616,-403.69,1986,1,3,0.11000000000001364,0.8733974358974357
1986-01-04,18.417241379310347,8.73103448275862,544.0,0.0,0.0,0.0,-403.72,1986,1,4,-0.03000000000002956,0.8725961538461529
1986-01-05,20.155172413793107,9.36206896551724,543.0,0.0,0.0,0.0,-403.73,1986,1,5,-0.009999999999990905,0.8723290598290591
1986-01-06,19.74827586206896,9.093103448275862,413.0,0.0,0.0,0.0,-403.79,1986,1,6,-0.060000000000002274,0.8707264957264949
1986-01-07,22.189655172413794,10.589655172413796,540.0,0.0,0.0,0.0,-403.9,1986,1,7,-0.1099999999999568,0.8677884615384618
1986-01-08,17.627586206896556,10.093103448275862,530.0,0.0,0.0,0.047619047619047616,-404.05,1986,1,8,-0.1500000000000341,0.8637820512820507
1986-01-09,17.97931034482758,8.996551724137932,495.0,0.0,0.0,0.0,-404.22,1986,1,9,-0.17000000000001592,0.8592414529914519
1986-09-24,37.19375,21.184375000000003,551.0,0.0,0.0,0.0,-404.26,1986,9,24,-0.03999999999996362,0.8581730769230769
1986-10-31,30.771875,18.368750000000002,496.5,0.0,0.0,0.043478260869565216,-404.41,1986,10,31,-0.1500000000000341,0.8541666666666657
1986-12-23,18.50322580645161,6.903225806451612,545.0,0.0,0.0,0.0,-404.51,1986,12,23,-0.0999999999999659,0.8514957264957265
1987-02-26,14.28709677419355,9.277419354838708,175.0,0.0,0.0,0.043478260869565216,-404.54,1987,2,26,-0.03000000000002956,0.8506944444444435
1987-07-05,30.232258064516127,18.96129032258064,715.0,0.0,0.0,0.0,-404.56,1987,7,5,-0.01999999999998181,0.850160256410256
1987-07-12,30.725806451612907,18.132258064516126,763.0,0.0,0.0,0.0,-405.16,1987,7,12,-0.6000000000000227,0.8341346153846144
1987-07-28,36.141935483870974,22.599999999999998,694.0,0.0,0.0,0.0,-404.82,1987,7,28,0.34000000000003183,0.8432158119658119
1987-08-26,31.180645161290325,20.80322580645161,700.0,0.0,0.0,0.0,-404.94,1987,8,26,-0.12000000000000455,0.8400106837606836
1987-09-16,32.54666666666667,22.056666666666672,560.0,0.0,0.0,0.0,-405.05,1987,9,16,-0.11000000000001364,0.8370726495726489
1987-10-22,21.33225806451613,15.22258064516129,262.8,0.05,0.0,0.0,-405.02,1987,10,22,0.03000000000002956,0.8378739316239318
1988-01-08,16.061290322580643,5.670967741935484,534.0,0.0,0.0,0.0,-405.22,1988,1,8,-0.20000000000004547,0.8325320512820502
1988-01-14,15.541935483870969,8.616666666666667,320.57142857142856,0.0,0.0,0.0,-405.23,1988,1,14,-0.009999999999990905,0.8322649572649564
1988-04-28,35.20344827586207,16.418518518518518,596.5714285714286,0.0,0.0,0.0,-404.84,1988,4,28,0.3900000000000432,0.8426816239316243
1988-05-09,27.060000000000006,14.337931034482759,602.0,0.0,0.0,0.0,-405.36,1988,5,9,-0.5200000000000387,0.8287927350427343
1988-05-25,31.268965517241377,14.031034482758622,545.0,0.0,0.0,0.0,-404.88,1988,5,25,0.4800000000000182,0.8416132478632476
1988-06-23,27.953333333333337,19.382758620689657,721.0,0.0,0.0,0.0,-405.01,1988,6,23,-0.12999999999999545,0.8381410256410255
1988-08-25,34.27333333333333,21.249999999999996,656.0,0.0,0.0,0.0,-405.32,1988,8,25,-0.3100000000000023,0.8298611111111109
1988-10-03,28.08333333333334,17.86896551724138,540.0,0.0,0.0,0.0,-405.03,1988,10,3,0.29000000000002046,0.8376068376068381
1988-10-21,25.650000000000002,14.006666666666664,609.4285714285714,0.0,0.0,0.0,-405.55,1988,10,21,-0.5200000000000387,0.8237179487179481
1988-11-23,21.29666666666667,9.37,551.1428571428571,0.0,0.0,0.0,-405.76,1988,11,23,-0.20999999999997954,0.8181089743589743
1989-03-02,19.635483870967743,7.635483870967742,625.7142857142857,0.0,0.0,0.0,-405.66,1989,3,2,0.0999999999999659,0.8207799145299135
1989-03-22,26.154838709677424,10.158064516129032,618.8571428571429,0.0,0.0,0.0,-405.85,1989,3,22,-0.18999999999999773,0.8157051282051273
1989-04-14,25.490000000000002,14.848275862068965,639.4285714285714,0.0,0.0,0.037037037037037035,-405.92,1989,4,14,-0.06999999999999318,0.8138354700854693
1989-05-24,28.95172413793103,15.946666666666664,727.0,0.0,0.0,0.0,-405.9,1989,5,24,0.020000000000038654,0.8143696581196584
1989-07-08,33.41724137931035,19.693103448275867,761.1428571428571,0.0,0.0,0.0,-406.26,1989,7,8,-0.36000000000001364,0.8047542735042734
1989-07-18,33.05862068965518,22.47931034482759,695.0,0.0,0.0,0.0,-406.22,1989,7,18,0.03999999999996362,0.8058226495726485
1989-10-09,29.896666666666665,16.036666666666665,577.2,0.0,0.0,0.0,-406.45,1989,10,9,-0.22999999999996135,0.7996794871794871
1989-10-29,23.10333333333334,12.486666666666666,463.7142857142857,0.0,0.0,0.0,-406.59,1989,10,29,-0.13999999999998636,0.7959401709401713
1989-11-27,23.063333333333333,11.606666666666666,538.2857142857143,0.0,0.0,0.0,-406.69,1989,11,27,-0.10000000000002274,0.7932692307692305
1989-12-01,15.693333333333335,9.479310344827587,242.4,0.0,0.0,0.0,-405.83,1989,12,1,0.8600000000000136,0.8162393162393163
1989-12-06,14.796666666666669,4.43448275862069,327.0,0.0,0.0,0.0,-406.09,1989,12,6,-0.2599999999999909,0.8092948717948721
1989-12-26,18.186206896551727,8.9,433.0,0.0,0.0,0.0,-406.75,1989,12,26,-0.660000000000025,0.7916666666666663
1990-01-24,12.246875,2.93125,556.2857142857143,0.0,0.0,0.0,-406.83,1990,1,24,-0.07999999999998408,0.7895299145299146
1990-02-10,13.977419354838712,6.661290322580646,299.0,0.0,0.0,0.0,-407.39,1990,2,10,-0.5600000000000023,0.7745726495726496
1990-02-26,17.293749999999996,5.553125,584.5714285714286,0.0,0.0,0.0,-406.85,1990,2,26,0.5399999999999636,0.7889957264957256
1990-03-26,19.937499999999993,8.48125,588.0,0.0,0.0,0.0,-406.83,1990,3,26,0.020000000000038654,0.7895299145299146
1990-04-24,34.709375,20.54193548387097,667.7142857142857,0.0,0.0,0.0,-406.84,1990,4,24,-0.009999999999990905,0.7892628205128208
1990-05-09,29.703125000000007,15.403125,390.0,0.0,0.0,0.0,-407.34,1990,5,9,-0.5,0.77590811965812
1990-05-31,36.31250000000001,19.053125,722.0,0.0,0.0,0.0,-406.91,1990,5,31,0.42999999999995,0.7873931623931614
1990-07-18,33.95333333333334,19.583333333333332,725.0,0.0,0.0,0.0,-407.11,1990,7,18,-0.19999999999998863,0.7820512820512814
1990-09-08,31.31290322580646,18.703225806451616,660.0,0.0,0.0,0.0,-407.24,1990,9,8,-0.12999999999999545,0.7785790598290593
1990-10-28,23.27741935483871,14.13448275862069,508.0,0.0,0.0,0.0,-407.39,1990,10,28,-0.14999999999997726,0.7745726495726496
1990-11-06,27.65625,15.653125000000003,528.0,0.0,0.0,0.0,-406.95,1990,11,6,0.4399999999999977,0.7863247863247863
1990-11-26,22.756249999999994,13.271875000000001,484.0,0.0,0.0,0.0,-407.53,1990,11,26,-0.5799999999999841,0.7708333333333337
1990-12-13,25.415625,13.325000000000001,466.8,0.0,0.0,0.0,-407.6,1990,12,13,-0.07000000000005002,0.7689636752136743
1991-01-22,13.538709677419355,7.399999999999999,199.0,0.06666666666666667,0.0,0.0,-407.63,1991,1,22,-0.029999999999972715,0.768162393162393
1991-02-28,16.480645161290322,8.141935483870968,369.6,0.0,0.0,0.0,-407.73,1991,2,28,-0.10000000000002274,0.7654914529914522
1991-03-01,17.503333333333334,7.263333333333335,476.0,0.0,0.0,0.0,-407.67,1991,3,1,0.060000000000002274,0.7670940170940164
1991-03-31,21.809677419354838,11.899999999999999,552.0,0.0,0.0,0.0,-407.31,1991,3,31,0.36000000000001364,0.7767094017094013
1991-06-05,33.23548387096775,17.293548387096774,698.5714285714286,0.0,0.0,0.0,-407.6,1991,6,5,-0.29000000000002046,0.7689636752136743
1991-08-21,31.890322580645158,21.080645161290327,688.2857142857143,0.0,0.0,0.0,-408.0,1991,8,21,-0.39999999999997726,0.7582799145299142
1991-09-06,29.34666666666667,19.20322580645161,619.7142857142857,0.0,0.0,0.0,-407.65,1991,9,6,0.35000000000002274,0.7676282051282054
1991-09-16,31.954838709677425,21.025806451612905,567.4285714285714,0.0,0.0,0.0,-408.14,1991,9,16,-0.4900000000000091,0.7545405982905984
1991-10-10,27.16774193548387,15.967741935483868,565.7142857142857,0.0,0.0,0.0,-408.28,1991,10,10,-0.13999999999998636,0.7508012820512825
1991-11-19,22.575757575757574,11.975757575757573,512.25,0.0,0.0,0.0,-408.37,1991,11,19,-0.09000000000003183,0.7483974358974355
1991-12-07,18.68387096774193,10.790322580645162,461.0,0.0,0.0,0.0,-407.83,1991,12,7,0.5400000000000205,0.7628205128205129
1991-12-22,16.434375,5.978124999999999,456.0,0.0,0.0,0.0,-408.31,1991,12,22,-0.4800000000000182,0.7499999999999997
1992-01-27,11.527272727272731,2.7090909090909094,544.2857142857143,0.0,0.0,0.0,-407.99,1992,1,27,0.3199999999999932,0.758547008547008
1992-02-24,7.570967741935482,2.380645161290322,48.0,0.2857142857142857,0.5238095238095238,0.36,-407.1,1992,2,24,0.8899999999999864,0.7823183760683752
1992-03-29,23.112903225806452,10.15625,548.5714285714286,0.0,0.0,0.0,-406.47,1992,3,29,0.6299999999999955,0.7991452991452981
1992-04-27,23.22121212121212,11.054545454545455,651.4285714285714,0.0,0.0,0.0,-406.46,1992,4,27,0.010000000000047748,0.7994123931623934
1992-05-26,32.43529411764706,17.75588235294118,692.5714285714286,0.0,0.0,0.0,-406.37,1992,5,26,0.08999999999997499,0.8018162393162389
1992-06-21,32.19393939393939,20.787499999999998,689.1428571428571,0.0,0.0,0.034482758620689655,-406.64,1992,6,21,-0.2699999999999818,0.7946047008547009
1992-07-26,30.10588235294117,19.847058823529412,680.5714285714286,0.0,0.0,0.0,-406.75,1992,7,26,-0.11000000000001364,0.7916666666666663
1992-08-27,32.817647058823525,21.511764705882353,633.75,0.0,0.0,0.0,-407.04,1992,8,27,-0.29000000000002046,0.7839209401709393
1992-09-20,29.33823529411765,18.282352941176473,606.0,0.0,0.0,0.0,-407.17,1992,9,20,-0.12999999999999545,0.7804487179487172
1992-10-26,26.591176470588238,17.214705882352945,568.2857142857143,0.0,0.0,0.0,-407.28,1992,10,26,-0.1099999999999568,0.7775106837606842
1992-11-19,28.80303030303031,19.31212121212121,305.25,0.0,0.0,0.0,-407.37,1992,11,19,-0.09000000000003183,0.7751068376068372
1992-12-15,13.651515151515154,6.815151515151514,69.0,0.4117647058823529,0.25,0.22580645161290322,-407.38,1992,12,15,-0.009999999999990905,0.7748397435897434
1993-01-22,15.338235294117647,5.505882352941175,495.42857142857144,0.0,0.0,0.0,-406.94,1993,1,22,0.4399999999999977,0.7865918803418801
1993-02-25,23.511764705882353,9.955882352941174,430.2857142857143,0.0,0.0,0.0,-406.7,1993,2,25,0.2400000000000091,0.7930021367521367
1993-03-29,19.57941176470588,11.33529411764706,576.8571428571429,0.0,0.0,0.0,-406.48,1993,3,29,0.21999999999997044,0.7988782051282043
1993-04-10,22.415151515151518,11.496969696969696,596.0,0.0,0.0,0.038461538461538464,-407.48,1993,4,10,-1.0,0.7721688034188026
1993-04-22,23.83823529411765,9.75294117647059,570.0,0.0,0.0,0.0,-406.61,1993,4,22,0.8700000000000045,0.7954059829059822
1993-05-30,28.667647058823523,20.757575757575758,202.28571428571428,0.0,0.0,0.0,-406.73,1993,5,30,-0.12000000000000455,0.7922008547008539
1993-06-16,32.12058823529411,18.81470588235294,727.5,0.0,0.0,0.0,-406.73,1993,6,16,0.0,0.7922008547008539
1993-07-22,33.734375,19.66875,741.4285714285714,0.0,0.0,0.0,-407.02,1993,7,22,-0.2899999999999636,0.7844551282051284
1993-08-17,33.5939393939394,21.96764705882353,691.5,0.0,0.0,0.0,-407.13,1993,8,17,-0.11000000000001364,0.7815170940170938
1993-09-19,33.51470588235294,21.479411764705883,592.5,0.0,0.0,0.0,-407.38,1993,9,19,-0.25,0.7748397435897434
1993-10-24,30.648484848484852,18.047058823529415,566.25,0.0,0.0,0.0,-407.57,1993,10,24,-0.18999999999999773,0.7697649572649571
1993-11-15,16.90294117647059,7.591176470588234,333.0,0.1,0.0,0.0,-407.55,1993,11,15,0.01999999999998181,0.7702991452991447
1993-11-25,19.579411764705878,13.017647058823533,270.75,0.0,0.0,0.0,-407.64,1993,11,25,-0.08999999999997499,0.7678952991452992
1994-01-25,13.91470588235294,8.902941176470586,183.0,0.125,0.0,0.0,-407.58,1994,1,25,0.060000000000002274,0.7694978632478634
1994-03-22,19.264705882352942,9.797058823529412,562.2857142857143,0.0,0.0,0.0,-407.48,1994,3,22,0.0999999999999659,0.7721688034188026
1994-04-05,31.808823529411764,16.299999999999994,572.25,0.0,0.0,0.0,-407.55,1994,4,5,-0.06999999999999318,0.7702991452991447
1994-04-20,38.05588235294118,22.682352941176475,546.8571428571429,0.0,0.0,0.0,-407.48,1994,4,20,0.06999999999999318,0.7721688034188026
1994-05-29,33.32424242424243,18.51212121212121,749.3333333333334,0.0,0.0,0.0,-407.63,1994,5,29,-0.14999999999997726,0.768162393162393
1994-06-13,31.166666666666668,17.469696969696965,750.0,0.0,0.0,0.0,-407.73,1994,6,13,-0.10000000000002274,0.7654914529914522
1994-07-27,31.357575757575756,21.730303030303027,700.6666666666666,0.0,0.0,0.0,-407.94,1994,7,27,-0.20999999999997954,0.7598824786324784
1994-08-23,33.906060606060606,22.612121212121203,686.6666666666666,0.0,0.0,0.0,-408.1,1994,8,23,-0.160000000000025,0.7556089743589735
1994-09-24,33.081250000000004,22.703225806451616,500.0,0.0,0.0,0.0,-408.3,1994,9,24,-0.19999999999998863,0.7502670940170934
1994-10-01,31.465625,19.909375,590.5714285714286,0.0,0.0,0.0,-407.54,1994,10,1,0.7599999999999909,0.7705662393162385
1994-10-25,31.984375000000004,20.065624999999994,566.25,0.0,0.0,0.0,-408.32,1994,10,25,-0.7799999999999727,0.7497329059829059
1994-11-28,16.053124999999994,11.312903225806451,218.57142857142858,0.0,0.0,0.0,-408.32,1994,11,28,0.0,0.7497329059829059
1994-12-28,17.425,8.753124999999999,358.2857142857143,0.0,0.0,0.0,-408.33,1994,12,28,-0.009999999999990905,0.7494658119658121
1995-01-26,16.659375,7.815625000000001,457.7142857142857,0.0,0.0,0.0,-408.32,1995,1,26,0.009999999999990905,0.7497329059829059
1995-02-22,14.803124999999998,8.034375,289.5,0.0,0.0,0.0,-408.08,1995,2,22,0.2400000000000091,0.7561431623931625
1995-03-29,23.115624999999998,7.775,555.0,0.0,0.0,0.0,-408.17,1995,3,29,-0.09000000000003183,0.7537393162393154
1995-04-27,32.76875,15.20625,701.1428571428571,0.0,0.0,0.0,-408.15,1995,4,27,0.020000000000038654,0.7542735042735046
1995-05-30,32.40625,19.38125,708.8571428571429,0.0,0.0,0.0,-408.24,1995,5,30,-0.09000000000003183,0.7518696581196576
1995-06-28,36.58064516129032,22.06129032258064,697.7142857142857,0.0,0.0,0.0,-408.2,1995,6,28,0.040000000000020464,0.7529380341880342
1995-07-24,32.63437500000001,21.178125000000005,723.4285714285714,0.0,0.0,0.0,-408.52,1995,7,24,-0.3199999999999932,0.7443910256410258
1995-08-28,37.1,23.061290322580643,657.0,0.0,0.0,0.0,-408.69,1995,8,28,-0.17000000000001592,0.739850427350427
1995-09-28,32.54333333333334,19.363333333333333,559.7142857142857,0.0,0.0,0.0,-408.79,1995,9,28,-0.10000000000002274,0.7371794871794863
1995-10-29,24.80967741935483,16.203225806451613,516.75,0.0,0.0,0.0,-408.94,1995,10,29,-0.14999999999997726,0.7331730769230766
1995-11-28,18.756250000000005,6.70625,549.75,0.0,0.0,0.0,-409.07,1995,11,28,-0.12999999999999545,0.7297008547008546
1995-12-27,19.859374999999996,7.743750000000001,535.5,0.0,0.0,0.0,-409.17,1995,12,27,-0.10000000000002274,0.7270299145299138
1996-01-30,19.530303030303035,9.206060606060609,257.25,0.0,0.0,0.0,-409.18,1996,1,30,-0.009999999999990905,0.72676282051282
1996-02-27,15.545454545454545,8.015151515151514,335.25,0.0,0.0,0.0,-409.17,1996,2,27,0.009999999999990905,0.7270299145299138
1996-03-27,18.181249999999995,9.121875000000001,508.5,0.0,0.0,0.041666666666666664,-409.2,1996,3,27,-0.029999999999972715,0.7262286324786325
1996-04-29,32.26060606060606,18.471875,519.0,0.0,0.0,0.0,-409.18,1996,4,29,0.01999999999998181,0.72676282051282
1996-05-26,30.481249999999996,17.596969696969698,723.75,0.0,0.0,0.0,-409.32,1996,5,26,-0.13999999999998636,0.7230235042735041
1996-06-26,35.121212121212125,20.206060606060607,757.7142857142857,0.0,0.0,0.0,-409.45,1996,6,26,-0.12999999999999545,0.719551282051282
1996-07-29,35.445454545454545,22.903030303030302,681.0,0.0,0.0,0.0,-409.6,1996,7,29,-0.1500000000000341,0.7155448717948709
1996-08-27,31.861290322580647,19.696774193548393,689.1428571428571,0.0,0.0,0.0,-409.72,1996,8,27,-0.12000000000000455,0.7123397435897425
1996-09-26,31.062500000000007,21.053125,571.7142857142857,0.0,0.0,0.0,-409.83,1996,9,26,-0.1099999999999568,0.7094017094017095
1996-10-28,22.793750000000003,12.440624999999999,523.5,0.0,0.0,0.0,-409.96,1996,10,28,-0.12999999999999545,0.7059294871794874
1996-11-24,25.025,13.887500000000003,543.0,0.0,0.0,0.0,-410.0,1996,11,24,-0.040000000000020464,0.7048611111111108
1996-12-25,21.23548387096774,10.054838709677417,466.6666666666667,0.0,0.0,0.0,-410.07,1996,12,25,-0.06999999999999318,0.7029914529914528
1997-01-28,14.652380952380957,7.295238095238095,312.0,0.0,0.0,0.0,-409.94,1997,1,28,0.12999999999999545,0.7064636752136749
1997-02-25,12.424999999999999,5.119512195121952,459.0,0.2222222222222222,0.16,0.0,-410.02,1997,2,25,-0.07999999999998408,0.7043269230769232
1997-03-27,20.000000000000004,7.234146341463412,566.25,0.0,0.0,0.0,-410.03,1997,3,27,-0.009999999999990905,0.7040598290598294
1997-04-29,21.353488372093018,9.772093023255815,407.0,0.0,0.0,0.0,-410.1,1997,4,29,-0.07000000000005002,0.70219017094017
1997-05-27,30.46744186046512,17.290697674418606,708.0,0.0,0.0,0.0,-410.14,1997,5,27,-0.03999999999996362,0.7011217948717949
1997-06-30,34.085714285714296,20.823809523809523,744.0,0.0,0.0,0.0,-410.28,1997,6,30,-0.13999999999998636,0.697382478632479
1997-07-29,31.82790697674419,21.753488372093024,708.0,0.0,0.0,0.0,-410.43,1997,7,29,-0.1500000000000341,0.6933760683760679
1997-08-26,30.132500000000004,19.8219512195122,686.25,0.0,0.0,0.0,-410.56,1997,8,26,-0.12999999999999545,0.6899038461538458
1997-09-28,27.02926829268293,19.540476190476184,469.5,0.0,0.0,0.0,-410.71,1997,9,28,-0.14999999999997726,0.6858974358974361
1997-10-29,28.728571428571428,18.779999999999998,358.5,0.0,0.0,0.0,-410.73,1997,10,29,-0.020000000000038654,0.6853632478632471
1997-11-26,21.60227272727273,12.106818181818182,388.5,0.0,0.0,0.0,-410.84,1997,11,26,-0.1099999999999568,0.682425213675214
1997-12-25,17.416666666666664,9.544186046511626,439.7142857142857,0.0,0.0,0.0,-410.84,1997,12,25,0.0,0.682425213675214
1998-01-27,17.306818181818183,7.948888888888889,254.25,0.0,0.0,0.0,-410.87,1998,1,27,-0.03000000000002956,0.6816239316239312
1998-02-22,19.08222222222222,6.96222222222222,588.0,0.0,0.0,0.0,-410.91,1998,2,22,-0.040000000000020464,0.6805555555555546
1998-03-23,20.24772727272727,7.5227272727272725,597.4285714285714,0.0,0.0,0.0,-410.95,1998,3,23,-0.03999999999996362,0.6794871794871795
1998-04-28,23.297727272727272,10.96136363636363,637.7142857142857,0.0,0.0,0.0,-411.05,1998,4,28,-0.10000000000002274,0.6768162393162387
1998-05-26,32.49777777777778,15.515555555555554,691.7142857142857,0.0,0.0,0.0,-411.17,1998,5,26,-0.12000000000000455,0.6736111111111104
1998-06-28,32.654545454545456,20.87333333333334,698.5714285714286,0.0,0.0,0.0,-411.28,1998,6,28,-0.1099999999999568,0.6706730769230773
1998-07-28,34.14883720930233,23.248837209302327,660.0,0.0,0.0,0.0,-411.42,1998,7,28,-0.1400000000000432,0.66693376068376
1998-08-25,33.8452380952381,21.047619047619044,687.4285714285714,0.0,0.0,0.0,-411.47,1998,8,25,-0.05000000000001137,0.6655982905982896
1998-09-28,31.555813953488364,19.53953488372093,608.5714285714286,0.0,0.0,0.0,-411.68,1998,9,28,-0.20999999999997954,0.6599893162393158
1998-10-27,27.786046511627916,15.802325581395355,581.1428571428571,0.0,0.0,0.0,-411.79,1998,10,27,-0.11000000000001364,0.6570512820512812
1998-11-25,24.451162790697673,14.081395348837212,494.57142857142856,0.0,0.0,0.0,-411.8,1998,11,25,-0.009999999999990905,0.6567841880341874
1998-12-23,18.38095238095238,8.897619047619049,505.0,0.0,0.0,0.0,-411.9,1998,12,23,-0.0999999999999659,0.6541132478632481
1999-01-26,18.9875,8.620833333333335,213.42857142857142,0.0,0.0,0.0,-412.0,1999,1,26,-0.10000000000002274,0.6514423076923074
1999-02-24,19.741666666666667,7.845833333333334,552.0,0.0,0.0,0.0,-412.04,1999,2,24,-0.040000000000020464,0.6503739316239308
1999-03-26,19.95348837209302,10.404761904761905,567.6,0.0,0.0,0.0,-412.12,1999,3,26,-0.07999999999998408,0.6482371794871791
1999-04-26,29.16382978723404,15.345652173913045,544.8,0.0,0.0,0.0,-412.12,1999,4,26,0.0,0.6482371794871791
1999-05-25,31.686956521739134,20.054347826086957,680.4,0.0,0.0,0.0,-412.26,1999,5,25,-0.13999999999998636,0.6444978632478632
1999-06-23,32.13617021276596,20.902127659574465,698.0,0.0,0.0,0.0,-412.33,1999,6,23,-0.06999999999999318,0.6426282051282052
1999-07-28,32.38636363636363,22.675000000000004,708.0,0.0,0.0,0.0,-412.57,1999,7,28,-0.2400000000000091,0.6362179487179486
1999-08-25,33.131914893617015,23.219148936170207,689.0,0.0,0.0,0.0,-412.67,1999,8,25,-0.10000000000002274,0.6335470085470079
1999-09-21,31.522222222222222,20.586363636363636,620.5714285714286,0.0,0.0,0.0,-412.77,1999,9,21,-0.0999999999999659,0.6308760683760686
1999-10-27,28.93191489361702,17.025531914893627,553.7142857142857,0.0,0.0,0.0,-412.87,1999,10,27,-0.10000000000002274,0.6282051282051277
1999-11-24,24.421276595744686,14.093617021276593,304.2857142857143,0.0,0.0,0.0,-413.0,1999,11,24,-0.12999999999999545,0.6247329059829057
1999-12-26,17.29148936170213,10.15531914893617,252.0,0.0,0.0,0.0,-413.18,1999,12,26,-0.18000000000000682,0.6199252136752131
2000-01-01,24.127906976744185,11.993023255813958,484.0,0.0,0.0,0.0,-413.2,2000,1,1,-0.01999999999998181,0.6193910256410257
2000-01-02,21.38837209302326,11.304651162790696,247.0,0.0,0.0,0.0,-413.3,2000,1,2,-0.10000000000002274,0.6167200854700848
2000-01-03,20.51860465116279,12.590697674418609,245.0,0.0,0.0,0.0,-413.34,2000,1,3,-0.03999999999996362,0.6156517094017098
2000-01-04,15.4046511627907,10.213953488372091,46.0,0.0,0.0,0.0,-413.34,2000,1,4,0.0,0.6156517094017098
2000-01-05,11.958139534883722,6.111627906976745,162.0,0.4444444444444444,0.3076923076923077,0.02857142857142857,-413.43,2000,1,5,-0.09000000000003183,0.6132478632478627
2000-01-06,13.011627906976743,5.841860465116281,212.0,0.125,0.08333333333333333,0.0,-413.55,2000,1,6,-0.12000000000000455,0.6100427350427344
2000-01-07,14.127906976744184,7.12093023255814,246.0,0.0,0.07692307692307693,0.0,-413.74,2000,1,7,-0.18999999999999773,0.6049679487179481
2000-01-08,16.597674418604655,7.409302325581397,488.0,0.0,0.0,0.0,-413.86,2000,1,8,-0.12000000000000455,0.6017628205128198
2000-01-09,14.095348837209302,7.7837209302325565,256.0,0.125,0.0,0.0,-413.99,2000,1,9,-0.12999999999999545,0.5982905982905977
2000-01-10,14.041860465116287,6.741860465116282,292.0,0.0,0.0,0.0,-414.13,2000,1,10,-0.13999999999998636,0.5945512820512818
2000-01-11,14.588372093023255,6.593023255813954,495.0,0.0,0.0,0.0,-414.18,2000,1,11,-0.05000000000001137,0.5932158119658114
2000-01-12,13.709302325581397,4.504651162790696,311.0,0.0,0.0,0.0,-414.23,2000,1,12,-0.05000000000001137,0.5918803418803411
2000-01-24,17.86428571428571,6.257142857142859,505.0,0.0,0.0,0.0,-413.29,2000,1,24,0.9399999999999977,0.6169871794871786
2000-02-23,15.21860465116279,9.265116279069769,220.0,0.0,0.0,0.0,-413.34,2000,2,23,-0.049999999999954525,0.6156517094017098
2000-03-27,22.2952380952381,9.157142857142855,599.0,0.0,0.0,0.0,-413.33,2000,3,27,0.009999999999990905,0.6159188034188036
2000-04-27,26.614285714285714,13.345238095238093,625.0,0.0,0.0,0.0,-413.42,2000,4,27,-0.09000000000003183,0.6135149572649565
2000-05-29,31.011904761904763,16.980952380952377,746.0,0.0,0.0,0.0,-413.53,2000,5,29,-0.1099999999999568,0.6105769230769235
2000-06-27,32.78780487804879,20.895121951219515,723.0,0.0,0.0,0.0,-413.73,2000,6,27,-0.20000000000004547,0.6052350427350419
2000-07-24,32.30238095238096,20.764285714285716,708.0,0.0,0.0,0.0,-413.83,2000,7,24,-0.0999999999999659,0.6025641025641026
2000-08-27,33.39,21.7875,687.0,0.0,0.0,0.0,-413.96,2000,8,27,-0.12999999999999545,0.5990918803418805
2000-09-28,27.6375,18.192500000000003,501.6,0.0,0.0,0.0,-414.12,2000,9,28,-0.160000000000025,0.5948183760683756
2000-10-22,24.152500000000007,17.409999999999997,376.5,0.0,0.0,0.0,-414.17,2000,10,22,-0.05000000000001137,0.5934829059829052
2000-11-29,19.49756097560975,12.634146341463415,253.2,0.0,0.0,0.0,-414.22,2000,11,29,-0.05000000000001137,0.5921474358974348
2000-12-24,16.7625,8.3975,316.8,0.0,0.0,0.0,-414.33,2000,12,24,-0.1099999999999568,0.5892094017094018
2001-01-01,20.9575,8.9125,460.8,0.0,0.0,0.0,-414.35,2001,1,1,-0.020000000000038654,0.5886752136752127
2001-01-02,18.055000000000003,9.715,345.6,0.0,0.0,0.0,-414.43,2001,1,2,-0.07999999999998408,0.586538461538461
2001-01-03,16.3325,9.3075,304.8,0.0,0.0,0.0,-414.5,2001,1,3,-0.06999999999999318,0.5846688034188031
2001-01-04,16.607499999999998,8.885000000000002,260.4,0.0,0.0,0.0,-414.51,2001,1,4,-0.009999999999990905,0.5844017094017093
2001-01-05,17.76,9.420000000000002,291.6,0.0,0.0,0.0,-414.58,2001,1,5,-0.06999999999999318,0.5825320512820514
2001-01-06,18.03947368421053,9.155263157894737,400.8,0.0,0.0,0.0,-414.64,2001,1,6,-0.060000000000002274,0.5809294871794872
2001-01-07,18.73684210526316,9.807894736842105,462.0,0.0,0.0,0.0,-414.72,2001,1,7,-0.08000000000004093,0.578792735042734
2001-01-08,18.08717948717949,7.3999999999999995,496.8,0.0,0.0,0.0,-414.88,2001,1,8,-0.15999999999996817,0.5745192307692306
2001-01-09,18.243589743589748,8.725641025641027,416.4,0.0,0.0,0.0,-415.04,2001,1,9,-0.160000000000025,0.5702457264957256
2001-01-10,18.253846153846155,8.478947368421052,475.2,0.0,0.0,0.0,-415.17,2001,1,10,-0.12999999999999545,0.5667735042735035
2001-01-11,18.374358974358973,8.989473684210525,441.6,0.0,0.0,0.0,-415.24,2001,1,11,-0.06999999999999318,0.5649038461538456
2001-01-12,18.04871794871795,9.319999999999999,321.6,0.0,0.0,0.0,-415.37,2001,1,12,-0.12999999999999545,0.5614316239316235
2001-01-29,18.12926829268293,5.239024390243902,577.2,0.0,0.0,0.0,-414.42,2001,1,29,0.9499999999999886,0.5868055555555548
2001-02-28,26.264285714285712,11.817073170731707,499.2,0.0,0.0,0.0,-414.5,2001,2,28,-0.07999999999998408,0.5846688034188031
2001-03-29,29.362790697674424,13.776190476190473,654.0,0.0,0.0,0.0,-414.5,2001,3,29,0.0,0.5846688034188031
2001-04-24,23.4047619047619,13.469047619047618,656.4,0.0,0.0,0.0,-414.57,2001,4,24,-0.06999999999999318,0.5827991452991451
2001-05-30,29.190697674418605,17.847619047619048,734.4,0.0,0.0,0.0,-414.64,2001,5,30,-0.06999999999999318,0.5809294871794872
2001-06-21,35.4093023255814,21.342857142857145,744.0,0.0,0.0,0.0,-414.67,2001,6,21,-0.03000000000002956,0.5801282051282044
2001-07-29,35.352631578947374,23.832432432432437,679.5,0.0,0.0,0.0,-414.86,2001,7,29,-0.18999999999999773,0.5750534188034181
2001-08-29,32.3219512195122,22.38536585365854,672.0,0.0,0.0,0.0,-415.02,2001,8,29,-0.15999999999996817,0.5707799145299147
2001-09-20,30.76904761904762,20.42619047619048,610.8,0.0,0.0,0.0,-415.14,2001,9,20,-0.12000000000000455,0.5675747863247863
2001-10-31,24.10238095238096,13.254761904761907,564.0,0.0,0.0,0.0,-415.24,2001,10,31,-0.10000000000002274,0.5649038461538456
2001-11-27,20.547619047619055,12.042857142857144,380.4,0.0,0.0,0.0,-415.37,2001,11,27,-0.12999999999999545,0.5614316239316235
2001-12-27,22.660465116279074,11.493023255813952,379.2,0.0,0.0,0.0,-415.39,2001,12,27,-0.01999999999998181,0.5608974358974359
2002-01-01,18.35116279069767,9.044186046511626,330.0,0.0,0.0,0.0,-415.4,2002,1,1,-0.009999999999990905,0.5606303418803421
2002-01-02,18.099999999999998,9.914285714285715,391.2,0.0,0.0,0.0,-415.45,2002,1,2,-0.05000000000001137,0.5592948717948718
2002-01-03,15.025581395348832,9.07674418604651,258.0,0.0,0.0,0.02631578947368421,-415.5,2002,1,3,-0.05000000000001137,0.5579594017094014
2002-01-04,15.474418604651174,5.741860465116279,482.4,0.0,0.0,0.0,-415.54,2002,1,4,-0.040000000000020464,0.5568910256410248
2002-01-05,15.827906976744186,7.0744186046511635,324.0,0.0,0.0,0.0,-415.62,2002,1,5,-0.07999999999998408,0.5547542735042731
2002-01-06,13.34186046511628,7.106976744186046,216.0,0.0,0.08333333333333333,0.0,-415.69,2002,1,6,-0.06999999999999318,0.5528846153846151
2002-01-07,10.07906976744186,4.853488372093022,151.2,0.375,0.23076923076923078,0.07894736842105263,-415.74,2002,1,7,-0.05000000000001137,0.5515491452991447
2002-01-08,11.630232558139534,6.258139534883721,129.6,0.375,0.16666666666666666,0.0,-415.79,2002,1,8,-0.05000000000001137,0.5502136752136744
2002-01-09,11.200000000000001,6.565116279069766,84.0,0.625,0.23076923076923078,0.0,-415.95,2002,1,9,-0.15999999999996817,0.5459401709401709
2002-01-10,10.71627906976744,5.227027027027028,142.8,0.0,0.16666666666666666,0.0,-416.07,2002,1,10,-0.12000000000000455,0.5427350427350426
2002-01-11,12.016279069767442,4.21860465116279,348.0,0.0,0.0,0.0,-416.13,2002,1,11,-0.060000000000002274,0.5411324786324784
2002-01-12,12.942857142857141,6.095238095238095,145.5,0.0,0.0,0.0,-416.26,2002,1,12,-0.12999999999999545,0.5376602564102563
2002-01-23,15.781818181818181,6.90681818181818,525.6,0.0,0.0,0.0,-415.43,2002,1,23,0.8299999999999841,0.5598290598290593
2002-02-03,21.527272727272727,9.095454545454546,573.6,0.0,0.0,0.0,-415.5,2002,2,3,-0.06999999999999318,0.5579594017094014
2002-02-28,21.13181818181818,7.868181818181818,540.0,0.0,0.0,0.0,-415.49,2002,2,28,0.009999999999990905,0.5582264957264952
2002-04-04,18.70681818181818,11.5,261.0,0.0,0.0,0.0,-415.54,2002,4,4,-0.05000000000001137,0.5568910256410248
2002-05-27,30.618604651162794,19.037209302325586,673.2,0.0,0.0,0.0,-415.68,2002,5,27,-0.13999999999998636,0.5531517094017089
2002-06-26,32.900000000000006,20.416279069767445,742.5,0.0,0.0,0.0,-415.73,2002,6,26,-0.05000000000001137,0.5518162393162385
2002-07-31,40.70000000000001,25.693181818181813,692.0,0.0,0.0,0.0,-415.78,2002,7,31,-0.049999999999954525,0.5504807692307696
2002-08-28,33.76590909090909,21.843181818181815,675.0,0.0,0.0,0.0,-415.93,2002,8,28,-0.1500000000000341,0.5464743589743585
2002-09-29,38.54772727272727,21.620454545454546,583.5,0.0,0.0,0.0,-416.07,2002,9,29,-0.13999999999998636,0.5427350427350426
2002-10-29,26.60465116279069,17.909302325581397,495.0,0.0,0.0,0.0,-416.12,2002,10,29,-0.05000000000001137,0.5413995726495722
2002-11-28,24.21162790697674,12.74186046511628,385.5,0.0,0.0,0.0,-416.26,2002,11,28,-0.13999999999998636,0.5376602564102563
2002-12-30,19.472093023255812,9.213953488372091,466.5,0.14285714285714285,0.0,0.0,-416.24,2002,12,30,0.01999999999998181,0.5381944444444439
2003-01-01,18.440425531914897,9.50212765957447,364.5,0.0,0.0,0.0,-416.24,2003,1,1,0.0,0.5381944444444439
2003-01-02,18.138297872340424,9.129787234042555,394.5,0.0,0.0,0.0,-416.32,2003,1,2,-0.07999999999998408,0.5360576923076922
2003-01-03,14.891489361702128,9.627659574468087,64.5,0.0,0.0,0.0,-416.27,2003,1,3,0.05000000000001137,0.5373931623931626
2003-01-04,17.55,10.815217391304348,291.0,0.0,0.0,0.0,-415.82,2003,1,4,0.44999999999998863,0.549412393162393
2003-01-05,19.49565217391304,11.752173913043476,520.0,0.0,0.0,0.0,-415.76,2003,1,5,0.060000000000002274,0.5510149572649572
2003-01-06,21.841304347826085,10.580434782608695,532.5,0.0,0.0,0.0,-415.85,2003,1,6,-0.09000000000003183,0.5486111111111102
2003-01-07,22.654347826086944,10.204347826086956,510.0,0.0,0.0,0.0,-416.0,2003,1,7,-0.14999999999997726,0.5446047008547005
2003-01-08,21.791304347826088,10.265217391304349,532.5,0.0,0.0,0.0,-416.15,2003,1,8,-0.14999999999997726,0.5405982905982909
2003-01-09,19.587234042553188,9.108695652173912,529.5,0.0,0.0,0.0,-416.31,2003,1,9,-0.160000000000025,0.536324786324786
2003-01-10,20.629787234042546,8.231914893617022,532.5,0.0,0.0,0.0,-416.54,2003,1,10,-0.2300000000000182,0.530181623931623
2003-01-11,24.357446808510627,11.612765957446808,535.5,0.0,0.0,0.0,-416.6,2003,1,11,-0.060000000000002274,0.5285790598290588
2003-01-29,15.24468085106383,9.687234042553191,150.0,0.0,0.0,0.0,-416.31,2003,1,29,0.29000000000002046,0.536324786324786
2003-02-25,10.727083333333328,5.150000000000001,171.0,0.5555555555555556,0.17647058823529413,0.027777777777777776,-416.4,2003,2,25,-0.08999999999997499,0.5339209401709405
2003-03-30,18.476595744680846,8.191489361702128,573.0,0.0,0.0,0.0,-415.82,2003,3,30,0.5799999999999841,0.549412393162393
2003-04-29,23.164583333333336,10.0125,712.5,0.0,0.0,0.0,-415.75,2003,4,29,0.06999999999999318,0.551282051282051
2003-05-27,26.716666666666665,16.933333333333337,669.0,0.0,0.0,0.0,-415.83,2003,5,27,-0.07999999999998408,0.5491452991452992
2003-06-03,28.53333333333333,16.964583333333337,756.0,0.0,0.0,0.0,-416.11,2003,6,3,-0.28000000000002956,0.541666666666666
2003-06-30,33.35744680851064,21.348936170212767,720.0,0.0,0.0,0.0,-415.99,2003,6,30,0.12000000000000455,0.5448717948717943
2003-07-28,32.90416666666668,22.170833333333334,684.0,0.0,0.0,0.0,-416.13,2003,7,28,-0.13999999999998636,0.5411324786324784
2003-08-31,33.166666666666664,22.95,648.0,0.0,0.0,0.0,-416.3,2003,8,31,-0.17000000000001592,0.5365918803418797
2003-09-30,28.25714285714286,18.697959183673472,585.0,0.0,0.0,0.0,-416.54,2003,9,30,-0.2400000000000091,0.530181623931623
2003-10-30,22.340816326530618,12.329166666666667,516.0,0.0,0.0,0.0,-416.59,2003,10,30,-0.049999999999954525,0.5288461538461542
2003-11-30,21.7625,10.777551020408161,478.5,0.0,0.0,0.0,-416.73,2003,11,30,-0.1400000000000432,0.5251068376068367
2004-01-01,16.143396226415096,7.433962264150946,403.5,0.0,0.0,0.0,-416.77,2004,1,1,-0.03999999999996362,0.5240384615384617
2004-01-03,17.021153846153847,7.8307692307692305,352.5,0.0,0.0,0.0,-416.77,2004,1,3,0.0,0.5240384615384617
2004-01-04,18.817307692307693,6.834615384615386,478.5,0.0,0.0,0.0,-416.78,2004,1,4,-0.009999999999990905,0.5237713675213679
2004-01-05,18.859615384615388,9.192307692307695,441.0,0.0,0.0,0.0,-416.82,2004,1,5,-0.040000000000020464,0.5227029914529913
2004-01-06,17.249999999999996,8.88461538461538,340.5,0.0,0.0,0.0,-416.96,2004,1,6,-0.13999999999998636,0.5189636752136755
2004-01-07,13.85192307692308,8.10576923076923,214.5,0.3333333333333333,0.09090909090909091,0.09090909090909091,-417.04,2004,1,7,-0.08000000000004093,0.5168269230769222
2004-01-08,11.15283018867925,7.033962264150944,109.5,0.0,0.0,0.0,-417.18,2004,1,8,-0.13999999999998636,0.5130876068376063
2004-01-09,13.1377358490566,6.605660377358492,298.5,0.0,0.0,0.0,-417.29,2004,1,9,-0.11000000000001364,0.5101495726495717
2004-01-10,15.1188679245283,7.8698113207547165,223.5,0.0,0.0,0.0,-417.4,2004,1,10,-0.1099999999999568,0.5072115384615388
2004-01-11,16.61509433962264,8.09056603773585,366.0,0.0,0.0,0.0,-417.44,2004,1,11,-0.040000000000020464,0.5061431623931621
2004-01-12,14.183018867924526,8.163461538461538,88.5,0.0,0.0,0.0,-417.43,2004,1,12,0.009999999999990905,0.5064102564102559
2004-01-27,14.10384615384615,7.565384615384612,133.5,0.2,0.0,0.0,-416.82,2004,1,27,0.6100000000000136,0.5227029914529913
2004-03-30,25.53018867924529,15.400000000000002,207.0,0.0,0.0,0.0,-416.78,2004,3,30,0.040000000000020464,0.5237713675213679
2004-04-28,31.099999999999994,16.77547169811321,452.0,0.0,0.0,0.0,-416.81,2004,4,28,-0.03000000000002956,0.522970085470085
2004-05-30,37.230909090909094,18.63454545454546,538.5,0.0,0.0,0.0,-416.95,2004,5,30,-0.13999999999998636,0.5192307692307692
2004-06-29,32.70370370370371,20.477777777777785,742.0,0.0,0.0,0.0,-417.031,2004,6,29,-0.08100000000001728,0.5170673076923072
2004-07-28,33.14107142857143,22.227272727272727,708.0,0.0,0.0,0.0,-417.161,2004,7,28,-0.12999999999999545,0.5135950854700851
2004-08-30,31.41694915254238,20.95593220338983,627.0,0.0,0.0,0.0,-417.28,2004,8,30,-0.11899999999997135,0.5104166666666671
2004-09-28,34.69830508474576,21.44745762711864,566.0,0.0,0.0,0.0,-417.4,2004,9,28,-0.12000000000000455,0.5072115384615388
2004-10-31,27.722580645161287,16.304838709677416,548.0,0.0,0.0,0.0,-417.44,2004,10,31,-0.040000000000020464,0.5061431623931621
2004-11-30,17.39516129032258,8.366129032258062,429.0,0.0,0.0,0.0,-417.43,2004,11,30,0.009999999999990905,0.5064102564102559
2004-12-28,17.661290322580644,6.785483870967739,484.5,0.0,0.0,0.0,-417.551,2004,12,28,-0.1209999999999809,0.5031784188034188
2005-01-01,22.151612903225814,11.411290322580646,409.5,0.0,0.0,0.0,-417.56,2005,1,1,-0.009000000000014552,0.5029380341880338
2005-01-02,17.493548387096773,9.81774193548387,73.5,0.0,0.0,0.021739130434782608,-417.6,2005,1,2,-0.040000000000020464,0.5018696581196572
2005-01-03,15.329032258064512,10.19838709677419,201.0,0.0,0.0,0.0,-417.62,2005,1,3,-0.01999999999998181,0.5013354700854696
2005-01-05,13.435483870967742,8.987096774193546,121.5,0.4,0.0,0.022222222222222223,-417.68,2005,1,5,-0.060000000000002274,0.4997329059829055
2005-01-06,14.059677419354838,7.0145161290322555,375.0,0.0,0.0,0.0,-417.75,2005,1,6,-0.06999999999999318,0.49786324786324754
2005-01-07,13.319354838709677,4.930645161290321,286.5,0.0,0.0,0.0,-417.89,2005,1,7,-0.13999999999998636,0.49412393162393164
2005-01-08,14.969354838709675,5.804838709677418,526.5,0.0,0.0,0.0,-417.99,2005,1,8,-0.10000000000002274,0.4914529914529909
2005-01-09,14.637096774193546,6.391935483870969,438.0,0.0,0.0,0.0,-418.14,2005,1,9,-0.14999999999997726,0.48744658119658124
2005-01-10,14.980645161290324,5.1322580645161295,510.0,0.0,0.0,0.0,-418.24,2005,1,10,-0.10000000000002274,0.48477564102564047
2005-01-11,16.82741935483871,7.941935483870968,247.0,0.0,0.0,0.0,-418.39,2005,1,11,-0.14999999999997726,0.4807692307692308
2005-01-12,17.2655737704918,7.027419354838705,309.0,0.0,0.0,0.0,-418.49,2005,1,12,-0.10000000000002274,0.47809829059829
2005-01-27,19.331147540983604,8.12950819672131,537.0,0.0,0.0,0.0,-417.6,2005,1,27,0.8899999999999864,0.5018696581196572
2005-02-27,22.099999999999998,11.479032258064512,526.5,0.0,0.0,0.0,-417.62,2005,2,27,-0.01999999999998181,0.5013354700854696
2005-03-29,26.44032258064517,11.58225806451613,594.0,0.0,0.0,0.0,-417.611,2005,3,29,0.009000000000014552,0.5015758547008546
2005-05-29,30.12343750000002,18.192187499999996,739.5,0.0,0.0,0.0,-417.741,2005,5,29,-0.12999999999999545,0.49810363247863254
2005-06-26,29.90781249999999,19.396874999999998,716.0,0.0,0.0,0.0,-417.87,2005,6,26,-0.1290000000000191,0.4946581196581192
2005-07-29,34.35000000000001,22.6140625,732.0,0.0,0.0,0.0,-417.98,2005,7,29,-0.11000000000001364,0.49172008547008467
2005-08-31,33.14461538461538,22.32615384615384,656.0,0.0,0.0,0.0,-418.14,2005,8,31,-0.15999999999996817,0.48744658119658124
2005-09-28,28.86307692307692,20.295384615384606,546.0,0.0,0.0,0.0,-418.22,2005,9,28,-0.08000000000004093,0.485309829059828
2005-10-30,23.24769230769232,15.75846153846154,339.0,0.0,0.0,0.0,-418.38,2005,10,30,-0.15999999999996817,0.4810363247863246
2005-11-28,29.080000000000002,16.86153846153847,471.0,0.0,0.0,0.0,-418.49,2005,11,28,-0.11000000000001364,0.47809829059829
2005-12-27,15.4625,6.45625,433.5,0.0,0.0,0.0,-418.53,2005,12,27,-0.03999999999996362,0.47702991452991494
2006-01-01,19.507812500000004,11.290624999999999,244.5,0.0,0.0,0.0,-418.54,2006,1,1,-0.010000000000047748,0.47676282051281965
2006-01-02,20.940625000000008,11.0203125,478.5,0.0,0.0,0.0,-418.63,2006,1,2,-0.08999999999997499,0.4743589743589742
2006-01-03,19.967187500000005,10.195312500000002,432.0,0.0,0.0,0.0196078431372549,-418.67,2006,1,3,-0.040000000000020464,0.47329059829059755
2006-01-04,18.875000000000004,13.144444444444442,130.0,0.0,0.0,0.058823529411764705,-418.73,2006,1,4,-0.060000000000002274,0.47168803418803334
2006-01-05,22.226562500000007,13.665625,348.0,0.0,0.0,0.04,-418.6,2006,1,5,0.12999999999999545,0.47516025641025544
2006-01-06,20.3046875,11.365625000000001,336.0,0.0,0.0,0.0,-418.7,2006,1,6,-0.0999999999999659,0.4724893162393162
2006-01-07,17.54375,10.126562499999997,238.0,0.0,0.0,0.0,-418.86,2006,1,7,-0.160000000000025,0.46821581196581125
2006-01-08,14.529687499999998,8.884375000000004,238.5,0.0,0.0,0.0,-419.04,2006,1,8,-0.18000000000000682,0.4634081196581188
2006-01-09,15.18125,7.7703125,325.5,0.0,0.0,0.0,-419.13,2006,1,9,-0.08999999999997499,0.4610042735042733
2006-01-10,14.593749999999995,7.900000000000002,253.5,0.0,0.0,0.0,-419.37,2006,1,10,-0.2400000000000091,0.45459401709401664
2006-01-11,12.026562499999997,8.157812500000002,138.0,0.0,0.0,0.0,-419.51,2006,1,11,-0.13999999999998636,0.45085470085470075
2006-01-12,13.290625,7.679687500000002,126.0,0.25,0.0,0.0,-419.59,2006,1,12,-0.07999999999998408,0.44871794871794907
2006-01-31,16.740625,4.796874999999998,501.0,0.0,0.0,0.0,-418.63,2006,1,31,0.9599999999999795,0.4743589743589742
2006-02-28,23.295312499999987,8.6046875,480.0,0.0,0.0,0.0,-418.67,2006,2,28,-0.040000000000020464,0.47329059829059755
2006-03-29,19.092187499999998,11.2203125,408.0,0.0,0.0,0.0,-418.74,2006,3,29,-0.06999999999999318,0.4714209401709396
2006-04-30,25.33650793650794,16.224193548387092,532.0,0.0,0.0,0.0,-418.6,2006,4,30,0.13999999999998636,0.47516025641025544
2006-05-30,30.699999999999996,19.629687499999996,681.0,0.0,0.0,0.0,-418.69,2006,5,30,-0.08999999999997499,0.47275641025640996
2006-06-28,31.153125000000003,20.692187499999996,693.0,0.0,0.0,0.0,-418.84,2006,6,28,-0.14999999999997726,0.46875000000000033
2006-07-27,32.82857142857143,22.04603174603175,685.5,0.0,0.0,0.0,-419.03,2006,7,27,-0.18999999999999773,0.4636752136752141
2006-08-30,33.13650793650793,22.444444444444443,669.0,0.0,0.0,0.0,-419.11,2006,8,30,-0.08000000000004093,0.46153846153846084
2006-09-26,28.819672131147545,19.266666666666666,613.5,0.0,0.0,0.0,-419.35,2006,9,26,-0.2400000000000091,0.4551282051282042
2006-10-31,26.333870967741934,15.254098360655735,553.5,0.0,0.0,0.0,-419.51,2006,10,31,-0.15999999999996817,0.45085470085470075
2006-11-30,21.946774193548386,8.990322580645163,529.5,0.0,0.0,0.0,-419.59,2006,11,30,-0.07999999999998408,0.44871794871794907
2006-12-31,11.41451612903226,6.6499999999999995,130.5,0.0,0.0,0.0,-419.7,2006,12,31,-0.11000000000001364,0.4457799145299145
2007-01-01,14.458333333333334,5.883333333333335,322.5,0.0,0.0,0.0,-419.7,2007,1,1,0.0,0.4457799145299145
2007-01-02,15.491780821917807,6.079166666666665,381.0,0.0,0.0,0.0,-419.77,2007,1,2,-0.06999999999999318,0.44391025641025655
2007-01-03,16.69178082191781,5.7821917808219165,432.0,0.0,0.0,0.0,-419.77,2007,1,3,0.0,0.44391025641025655
2007-01-04,14.601388888888888,8.273611111111114,82.5,0.0,0.0,0.0,-419.82,2007,1,4,-0.05000000000001137,0.4425747863247862
2007-01-05,13.8375,8.194444444444441,136.0,0.4,0.0,0.05084745762711865,-419.88,2007,1,5,-0.060000000000002274,0.440972222222222
2007-01-06,13.750704225352115,8.902816901408451,118.0,0.0,0.0,0.01694915254237288,-419.9,2007,1,6,-0.01999999999998181,0.44043803418803446
2007-01-10,15.800000000000008,6.730555555555557,510.0,0.0,0.0,0.0,-420.47,2007,1,10,-0.57000000000005,0.42521367521367415
2007-01-31,14.399999999999997,9.116666666666667,265.5,0.0,0.0,0.0,-419.77,2007,1,31,0.7000000000000455,0.44391025641025655
2007-02-27,17.0375,9.843055555555553,358.5,0.0,0.0,0.0,-419.77,2007,2,27,0.0,0.44391025641025655
2007-03-29,21.059459459459454,8.532432432432433,609.0,0.0,0.0,0.0,-419.81,2007,3,29,-0.040000000000020464,0.44284188034187993
2007-04-30,22.439189189189193,13.297297297297298,684.0,0.0,0.0,0.0,-419.88,2007,4,30,-0.06999999999999318,0.440972222222222
2007-05-27,31.040540540540555,17.741891891891893,720.0,0.0,0.0,0.0,-419.88,2007,5,27,0.0,0.440972222222222
2007-06-28,36.51621621621623,22.78648648648648,768.0,0.0,0.0,0.0,-420.03,2007,6,28,-0.14999999999997726,0.43696581196581236
2007-07-31,34.34999999999999,24.247368421052634,650.0,0.0,0.0,0.0,-420.18,2007,7,31,-0.1500000000000341,0.43295940170940117
2007-08-27,34.23599999999998,22.422666666666665,666.0,0.0,0.0,0.0,-420.32,2007,8,27,-0.13999999999998636,0.42922008547008533
2007-10-30,26.81923076923077,17.301282051282048,484.5,0.0,0.0,0.0,-420.54,2007,10,30,-0.22000000000002728,0.4233440170940162
2007-11-27,21.83037974683544,9.810126582278482,508.0,0.0,0.0,0.0,-420.59,2007,11,27,-0.049999999999954525,0.42200854700854734
2007-12-31,16.810000000000002,4.867500000000001,381.0,0.0,0.0,0.0,-420.74,2007,12,31,-0.1500000000000341,0.41800213675213616
2008-01-05,15.59,8.77,346.0,0.0,0.0,0.0,-421.11,2008,1,5,-0.37000000000000455,0.4081196581196574
2008-01-31,9.55189873417722,2.707594936708861,214.0,0.6,0.3,0.046875,-420.94,2008,1,31,0.17000000000001592,0.4126602564102561
2008-02-25,16.39610389610389,9.284210526315793,160.5,0.2,0.0,0.0,-421.03,2008,2,25,-0.08999999999997499,0.41025641025641063
2008-03-31,19.655696202531644,11.730379746835442,620.0,0.0,0.0,0.0,-421.03,2008,3,31,0.0,0.41025641025641063
2008-05-29,32.171604938271614,17.68641975308642,748.5,0.0,0.0,0.0,-421.21,2008,5,29,-0.18000000000000682,0.4054487179487182
2008-06-30,32.9632911392405,22.81374999999999,718.0,0.0,0.0,0.0,-421.38,2008,6,30,-0.17000000000001592,0.40090811965811946
2008-07-30,32.08974358974359,22.23717948717949,716.0,0.0,0.0,0.0,-421.49,2008,7,30,-0.11000000000001364,0.3979700854700849
2008-07-31,32.73076923076924,22.508974358974353,704.0,0.0,0.0,0.0,-421.49,2008,7,31,0.0,0.3979700854700849
2008-08-24,32.37820512820513,23.792307692307688,654.0,0.0,0.0,0.0,-421.54,2008,8,24,-0.05000000000001137,0.3966346153846145
2008-09-29,30.9126582278481,19.140506329113922,603.0,0.0,0.0,0.0,-421.7,2008,9,29,-0.15999999999996817,0.39236111111111105
2008-10-27,23.419753086419757,15.8037037037037,555.0,0.0,0.0,0.0,-421.86,2008,10,27,-0.160000000000025,0.3880876068376061
2008-11-30,21.1075,9.659999999999998,546.0,0.0,0.0,0.0,-421.98,2008,11,30,-0.12000000000000455,0.3848824786324778
2008-12-30,16.615853658536576,10.224390243902445,168.0,0.0,0.0,0.0,-422.09,2008,12,30,-0.1099999999999568,0.38194444444444475
2009-01-12,14.84634146341463,7.254878048780486,531.0,0.0,0.0,0.0,-423.13,2009,1,12,-1.0400000000000205,0.35416666666666646
2009-01-29,19.71341463414634,10.14390243902439,471.0,0.0,0.0,0.0,-422.17,2009,1,29,0.9599999999999795,0.37980769230769157
2009-02-25,18.43048780487805,7.154878048780488,564.0,0.0,0.0,0.0,-422.25,2009,2,25,-0.07999999999998408,0.37767094017093983
2009-03-25,17.729629629629624,8.85925925925926,516.0,0.0,0.0,0.0,-422.22,2009,3,25,0.029999999999972715,0.37847222222222116
2009-04-30,23.437037037037026,14.367901234567901,687.0,0.0,0.0,0.0,-422.22,2009,4,30,0.0,0.37847222222222116
2009-05-21,29.21481481481481,17.439506172839504,657.0,0.0,0.0,0.0,-422.3,2009,5,21,-0.07999999999998408,0.3763354700854694
2009-06-29,32.67530864197532,19.591358024691353,700.0,0.0,0.0,0.0,-422.46,2009,6,29,-0.15999999999996817,0.37206196581196604
2009-07-29,34.682500000000005,23.93999999999999,705.0,0.0,0.0,0.0,-422.65,2009,7,29,-0.18999999999999773,0.36698717948717974
2009-08-30,31.78000000000001,21.39375,674.0,0.0,0.0,0.0,-422.83,2009,8,30,-0.18000000000000682,0.3621794871794873
2009-09-24,31.137500000000006,17.617499999999993,630.0,0.0,0.0,0.0,-422.89,2009,9,24,-0.060000000000002274,0.3605769230769231
2009-10-29,25.37804878048782,17.33170731707317,510.0,0.0,0.0,0.013888888888888888,-423.0,2009,10,29,-0.11000000000001364,0.35763888888888856
2009-11-18,20.25063291139241,12.533333333333335,483.0,0.0,0.0,0.0,-423.09,2009,11,18,-0.08999999999997499,0.3552350427350431
2010-01-02,22.203658536585365,11.251219512195119,510.0,0.0,0.0,0.0,-423.16,2010,1,2,-0.07000000000005002,0.3533653846153836
2010-01-03,20.05308641975309,11.324390243902437,498.0,0.0,0.0,0.0,-423.08,2010,1,3,0.08000000000004093,0.3555021367521368
2010-01-06,20.671084337349402,8.880722891566261,510.0,0.0,0.0,0.0,-423.27,2010,1,6,-0.18999999999999773,0.35042735042735057
2010-01-09,23.381927710843385,10.645783132530118,570.0,0.0,0.0,0.0,-423.67,2010,1,9,-0.4000000000000341,0.339743589743589
2010-01-11,22.40843373493976,10.638554216867474,501.0,0.0,0.0,0.0,-423.92,2010,1,11,-0.25,0.3330662393162385
2010-01-12,18.281927710843373,10.69036144578313,384.0,0.0,0.0,0.0,-424.01,2010,1,12,-0.08999999999997499,0.33066239316239304
2010-02-08,16.303658536585367,7.1219512195121935,558.0,0.0,0.0,0.0,-423.53,2010,2,8,-0.339999999999975,0.3434829059829064
2010-03-10,26.965060240963847,15.66219512195122,519.0,0.0,0.0,0.0,-423.83,2010,3,10,-0.30000000000001137,0.33547008547008556
2010-03-28,22.198795180722893,13.190361445783129,600.0,0.0,0.0,0.0,-423.07,2010,3,28,0.7599999999999909,0.3557692307692306
2010-06-29,38.56904761904762,20.764285714285716,729.0,0.0,0.0,0.0,-423.38,2010,6,29,-0.3100000000000023,0.347489316239316
2011-01-02,18.5639534883721,9.843529411764706,384.0,0.0,0.0,0.0,-424.3,2011,1,2,-0.9200000000000159,0.322916666666666
2011-01-03,18.748837209302337,10.255813953488369,384.0,0.0,0.0,0.0,-424.32,2011,1,3,-0.01999999999998181,0.3223824786324785
2011-01-08,14.831764705882351,8.791764705882356,420.0,0.0,0.0,0.0,-424.82,2011,1,8,-0.5,0.3090277777777776
2011-01-10,16.832941176470584,8.456470588235293,570.0,0.0,0.0,0.0,-425.08,2011,1,10,-0.2599999999999909,0.3020833333333334
2011-01-12,18.85116279069767,8.6,570.0,0.0,0.0,0.013888888888888888,-425.36,2011,1,12,-0.28000000000002956,0.29460470085470014
2011-02-01,14.932558139534882,8.604651162790697,288.0,0.0,0.0,0.0,-424.17,2011,2,1,1.1899999999999977,0.3263888888888881
2011-03-28,19.629885057471256,9.03908045977011,672.0,0.0,0.0,0.0,-424.38,2011,3,28,-0.20999999999997954,0.32077991452991433
2011-04-28,26.35517241379311,17.208045977011494,334.0,0.0,0.0,0.0,-424.44,2011,4,28,-0.060000000000002274,0.3191773504273501
2011-05-30,28.580232558139524,16.368965517241378,738.0,0.0,0.0,0.0,-424.58,2011,5,30,-0.13999999999998636,0.3154380341880343
2011-06-29,28.861627906976743,20.23953488372093,696.0,0.0,0.0,0.0,-424.69,2011,6,29,-0.11000000000001364,0.3124999999999997
2011-08-31,31.074712643678172,21.24367816091955,687.0,0.0,0.0,0.0,-424.98,2011,8,31,-0.29000000000002046,0.3047542735042727
2011-10-31,23.426436781609194,12.717241379310346,570.0,0.0,0.0,0.0,-425.08,2011,10,31,-0.0999999999999659,0.3020833333333334
2011-12-27,16.461904761904762,6.887209302325582,564.0,0.0,0.0,0.0,-425.503,2011,12,27,-0.4230000000000018,0.29078525641025643
2012-01-03,16.676744186046516,8.186046511627906,552.0,0.0,0.0,0.0,-425.74,2012,1,3,-0.2370000000000232,0.28445512820512764
2012-01-04,17.9103448275862,7.829069767441863,525.0,0.0,0.0,0.0,-425.8,2012,1,4,-0.060000000000002274,0.28285256410256343
2012-01-05,18.041379310344823,8.255813953488373,546.0,0.0,0.0,0.0,-425.95,2012,1,5,-0.14999999999997726,0.2788461538461538
2012-01-07,17.943678160919536,6.223255813953485,564.0,0.0,0.0,0.0,-426.13,2012,1,7,-0.18000000000000682,0.2740384615384613
2012-01-08,16.11494252873563,8.311627906976748,504.0,0.0,0.0,0.013888888888888888,-426.31,2012,1,8,-0.18000000000000682,0.26923076923076883
2012-01-11,14.02183908045977,6.72183908045977,429.0,0.0,0.0,0.0,-426.68,2012,1,11,-0.37000000000000455,0.25934829059829007
2012-01-29,14.95294117647059,7.2658823529411745,564.0,0.0,0.0,0.0,-425.633,2012,1,29,1.0470000000000255,0.28731303418803433
2012-02-09,15.31264367816092,5.159302325581397,261.0,0.0,0.0,0.0,-426.49,2012,2,9,-0.8570000000000277,0.2644230769230763
2012-02-12,18.991860465116293,8.6546511627907,261.0,0.0,0.0,0.014084507042253521,-426.78,2012,2,12,-0.2899999999999636,0.2566773504273508
2012-03-06,19.243529411764715,6.834523809523807,624.0,0.0,0.0,0.0,-426.02,2012,3,6,0.7599999999999909,0.27697649572649585
2012-09-27,33.947619047619035,19.091666666666672,615.0,0.0,0.0,0.0,-426.58,2012,9,27,-0.5600000000000023,0.26201923076923084
2013-01-01,18.76219512195122,9.46547619047619,522.0,0.0,0.0,0.0,-426.89,2013,1,1,-0.3100000000000023,0.2537393162393163
2013-01-04,18.916867469879524,8.20705882352941,540.0,0.0,0.0,0.0,-426.82,2013,1,4,0.06999999999999318,0.2556089743589742
2013-01-07,14.379518072289157,9.005952380952381,12.0,0.0,0.0,0.2676056338028169,-427.13,2013,1,7,-0.3100000000000023,0.2473290598290596
2013-01-08,13.098780487804886,8.46867469879518,138.0,0.0,0.16666666666666666,0.04225352112676056,-427.28,2013,1,8,-0.14999999999997726,0.24332264957264996
2013-01-09,10.564634146341461,4.374698795180722,198.0,0.6666666666666666,0.2857142857142857,0.14084507042253522,-427.44,2013,1,9,-0.160000000000025,0.239049145299145
2013-01-10,9.437804878048784,3.314285714285716,12.0,0.0,0.16666666666666666,0.028169014084507043,-427.57,2013,1,10,-0.12999999999999545,0.2355769230769229
2013-01-11,12.09135802469136,4.752380952380954,468.0,0.0,0.0,0.0,-427.71,2013,1,11,-0.13999999999998636,0.23183760683760704
2013-01-12,13.448780487804884,5.021951219512196,420.0,0.0,0.0,0.0,-427.79,2013,1,12,-0.08000000000004093,0.2297008547008538
2013-01-14,16.601219512195122,5.514285714285715,510.0,0.0,0.0,0.0,-426.8,2013,1,14,0.9900000000000091,0.25614316239316176
2013-01-31,11.27530864197531,7.187951807228915,162.0,0.25,0.14285714285714285,0.0,-426.85,2013,1,31,-0.05000000000001137,0.25480769230769135
2013-02-06,18.5452380952381,11.780722891566262,60.0,0.3333333333333333,0.0,0.0,-427.02,2013,2,6,-0.16999999999995907,0.2502670940170941
2013-02-28,19.436144578313247,10.920238095238094,558.0,0.0,0.0,0.0,-426.7,2013,2,28,0.3199999999999932,0.25881410256410253
2013-03-17,17.43086419753087,10.887058823529411,540.0,0.0,0.0,0.0,-426.8,2013,3,17,-0.10000000000002274,0.25614316239316176
2013-04-30,34.684523809523796,19.107228915662642,582.0,0.0,0.0,0.0,-426.93,2013,4,30,-0.12999999999999545,0.25267094017093966
2013-05-26,27.62048192771083,17.730952380952385,762.0,0.0,0.0,0.0,-426.98,2013,5,26,-0.05000000000001137,0.25133547008546925
2013-06-03,33.9292682926829,21.392857142857146,702.0,0.0,0.0,0.0,-426.73,2013,6,3,0.25,0.25801282051281965
2015-01-01,18.98192771084338,10.014457831325304,312.0,0.0,0.0,0.0,-428.85,2015,1,1,-0.060000000000002274,0.20138888888888792
2015-01-02,15.507228915662655,8.031325301204822,150.0,0.0,0.0,0.0,-428.89,2015,1,2,-0.03999999999996362,0.20032051282051283
2015-01-03,15.719277108433735,8.496385542168674,159.0,0.0,0.0,0.0,-428.82,2015,1,3,0.06999999999999318,0.20219017094017078
2015-01-04,13.972289156626513,7.921686746987949,84.0,0.0,0.0,0.0,-428.9,2015,1,4,-0.07999999999998408,0.20005341880341906
2015-01-05,16.514457831325306,9.339759036144578,279.0,0.0,0.0,0.0,-429.04,2015,1,5,-0.1400000000000432,0.19631410256410167
2015-01-06,15.501219512195112,9.520481927710842,75.0,0.0,0.16666666666666666,0.07042253521126761,-429.04,2015,1,6,0.0,0.19631410256410167
2015-01-07,11.647560975609752,5.019512195121953,12.0,0.5,0.2,0.1267605633802817,-429.18,2015,1,7,-0.13999999999998636,0.19257478632478578
2015-01-09,8.335802469135801,2.6463414634146343,6.0,0.0,0.2,0.014084507042253521,-429.44,2015,1,9,-0.2599999999999909,0.18563034188034158
2015-01-10,8.591358024691358,0.2740740740740742,66.0,0.0,0.0,0.0,-429.54,2015,1,10,-0.10000000000002274,0.1829594017094008
2015-01-11,13.163291139240505,5.321794871794872,240.0,0.0,0.0,0.014285714285714285,-429.64,2015,1,11,-0.0999999999999659,0.18028846153846154
2015-01-12,12.237662337662336,3.9911392405063286,285.0,0.0,0.0,0.0,-429.69,2015,1,12,-0.05000000000001137,0.17895299145299115
2015-03-05,20.3060975609756,8.687804878048784,642.0,0.0,0.0,0.0,-428.96,2015,3,5,0.7300000000000182,0.19845085470085488
2015-07-29,34.777108433734945,21.330120481927704,738.0,0.0,0.0,0.0,-429.3,2015,7,29,-0.34000000000003183,0.18936965811965747
2016-01-01,11.991463414634145,6.531707317073174,60.0,0.0,0.0,0.07246376811594203,-429.85,2016,1,1,-0.5500000000000114,0.17467948717948623
2016-01-02,10.565853658536588,5.523170731707318,79.2,0.0,0.5,0.0,-429.92,2016,1,2,-0.06999999999999318,0.17280982905982828
2016-01-03,13.40731707317073,6.563414634146341,248.0,0.0,0.0,0.0,-429.9,2016,1,3,0.020000000000038654,0.17334401709401734
2016-01-04,15.909756097560972,8.22926829268293,360.0,0.0,0.0,0.0,-429.99,2016,1,4,-0.09000000000003183,0.17094017094017033
2016-01-05,18.201234567901228,10.185365853658542,439.2,0.0,0.0,0.0,-430.02,2016,1,5,-0.029999999999972715,0.17013888888888903
2016-01-06,20.284146341463416,9.965853658536581,543.6,0.0,0.0,0.0,-430.17,2016,1,6,-0.1500000000000341,0.16613247863247785
2016-01-12,19.1132530120482,7.892771084337347,536.4,0.0,0.0,0.0,-430.93,2016,1,12,-0.7599999999999909,0.1458333333333328
2016-06-30,33.6595238095238,21.992857142857147,746.4,0.0,0.0,0.0,-430.28,2016,6,30,0.6500000000000341,0.1631944444444448
2016-07-31,35.36588235294117,23.059523809523803,721.5,0.0,0.0,0.0,-430.43,2016,7,31,-0.1500000000000341,0.15918803418803365
2016-08-31,32.23882352941177,23.99294117647058,519.0,0.0,0.0,0.0,-430.56,2016,8,31,-0.12999999999999545,0.15571581196581155
2016-09-27,29.247058823529407,18.05882352941176,617.0,0.0,0.0,0.0,-430.66,2016,9,27,-0.10000000000002274,0.15304487179487078
2016-10-31,27.49176470588236,17.435294117647064,529.0,0.0,0.0,0.0,-430.79,2016,10,31,-0.12999999999999545,0.14957264957264868
2017-01-01,15.20602409638554,5.620481927710843,436.8,0.0,0.0,0.0,-431.065,2017,1,1,-0.27499999999997726,0.14222756410256382
2017-01-06,19.009523809523806,8.431325301204822,556.8,0.0,0.0,0.0,-431.54,2017,1,6,-0.47500000000002274,0.1295405982905974
2017-01-07,16.66547619047619,7.10963855421687,550.8,0.0,0.0,0.0,-431.69,2017,1,7,-0.14999999999997726,0.12553418803418773
2017-01-10,15.68095238095239,4.17710843373494,458.0,0.0,0.0,0.0,-432.08,2017,1,10,-0.38999999999998636,0.11511752136752143
2017-01-11,16.75357142857143,4.88433734939759,534.0,0.0,0.0,0.0,-432.18,2017,1,11,-0.10000000000002274,0.11244658119658066
2017-01-31,13.87469879518073,6.213253012048192,230.57142857142858,0.0,0.0,0.0,-431.19,2017,1,31,0.9900000000000091,0.1388888888888886
2017-02-28,23.30240963855421,13.784523809523808,187.0,0.0,0.0,0.0,-431.25,2017,2,28,-0.060000000000002274,0.13728632478632444
2017-03-29,25.54166666666667,9.87857142857143,680.0,0.0,0.0,0.0,-431.3,2017,3,29,-0.05000000000001137,0.13595085470085405
2017-04-27,27.248809523809523,15.42738095238096,613.7142857142857,0.0,0.0,0.0,-431.38,2017,4,27,-0.07999999999998408,0.13381410256410234
2017-07-31,35.73703703703703,21.89506172839506,750.0,0.0,0.0,0.0,-431.82,2017,7,31,-0.4399999999999977,0.12206196581196564
2017-08-30,32.24743589743589,19.897468354430384,702.0,0.0,0.0,0.0,-431.95,2017,8,30,-0.12999999999999545,0.11858974358974354
2017-11-30,21.20361445783133,11.181927710843375,498.0,0.0,0.0,0.0,-432.26,2017,11,30,-0.3100000000000023,0.11030982905982895
2018-01-01,13.848192771084333,8.961445783132529,93.42857142857143,0.0,0.0,0.014925373134328358,-432.36,2018,1,1,-0.10000000000002274,0.10763888888888817
2018-01-02,16.607228915662652,9.66024096385542,225.0,0.0,0.0,0.0,-432.35,2018,1,2,0.009999999999990905,0.10790598290598194
2018-01-03,18.29759036144579,9.70722891566265,467.0,0.0,0.0,0.0,-432.3,2018,1,3,0.05000000000001137,0.10924145299145233
2018-01-04,15.490361445783133,8.903614457831324,244.28571428571428,0.0,0.0,0.0,-432.36,2018,1,4,-0.060000000000002274,0.10763888888888817
2018-01-11,22.044578313253005,9.362650602409639,566.0,0.0,0.0,0.0,-433.145,2018,1,11,-0.7849999999999682,0.08667200854700867
2018-01-12,19.291566265060236,9.067469879518068,460.2857142857143,0.0,0.0,0.0,-433.22,2018,1,12,-0.07500000000004547,0.08466880341880233
2018-03-10,19.851219512195133,10.535365853658536,613.0,0.0,0.0,0.0,-433.04,2018,3,10,0.18000000000000682,0.08947649572649483
2018-04-30,32.30487804878049,17.20243902439025,596.4,0.0,0.0,0.0,-432.34,2018,4,30,0.7000000000000455,0.10817307692307723
2018-05-30,28.650632911392396,18.277499999999996,678.0,0.0,0.0,0.0,-432.48,2018,5,30,-0.1400000000000432,0.10443376068375984
2018-06-28,33.417499999999976,21.56375,646.2857142857143,0.0,0.0,0.0,-432.65,2018,6,28,-0.16999999999995907,0.09989316239316265
2018-07-29,32.24230769230768,22.80384615384614,714.0,0.0,0.0,0.0,-432.783,2018,7,29,-0.1330000000000382,0.0963408119658112
2018-08-30,33.101298701298695,23.288311688311687,640.0,0.0,0.0,0.0,-432.933,2018,8,30,-0.14999999999997726,0.09233440170940155
2018-12-31,16.150000000000002,8.69268292682927,337.14285714285717,0.0,0.0,0.0,-433.31,2018,12,31,-0.37700000000000955,0.08226495726495685
2019-01-02,16.695121951219505,7.66829268292683,353.3333333333333,0.0,0.0,0.0,-433.37,2019,1,2,-0.060000000000002274,0.08066239316239268
2019-01-04,17.900000000000002,7.381481481481482,551.6666666666666,0.0,0.0,0.0,-433.41,2019,1,4,-0.040000000000020464,0.07959401709401606
2019-01-05,16.55185185185185,7.433333333333332,460.0,0.0,0.0,0.0,-433.47,2019,1,5,-0.060000000000002274,0.07799145299145191
2019-01-06,14.085185185185189,7.793827160493829,291.6666666666667,0.0,0.0,0.07575757575757576,-433.57,2019,1,6,-0.0999999999999659,0.07532051282051264
2019-01-07,13.640243902439021,6.343902439024391,518.3333333333334,0.5,0.0,0.0,-433.71,2019,1,7,-0.13999999999998636,0.07158119658119677
2019-01-08,14.839024390243905,7.8963414634146325,403.3333333333333,0.0,0.0,0.07575757575757576,-433.87,2019,1,8,-0.160000000000025,0.06730769230769183
2019-01-09,12.695061728395059,6.885365853658538,282.0,0.0,0.5,0.030303030303030304,-434.03,2019,1,9,-0.15999999999996817,0.06303418803418841
2019-01-10,15.747499999999999,5.92,521.6666666666666,0.0,0.0,0.0,-434.17,2019,1,10,-0.1400000000000432,0.05929487179487101
2019-01-11,16.856250000000003,6.18,553.3333333333334,0.0,0.0,0.0,-434.26,2019,1,11,-0.08999999999997499,0.05689102564102552
2019-01-12,18.275,6.576250000000002,494.0,0.0,0.0,0.0,-434.31,2019,1,12,-0.05000000000001137,0.055555555555555136
2019-02-28,13.959756097560977,8.076829268292684,110.0,0.0,0.5,0.09090909090909091,-433.44,2019,2,28,0.8700000000000045,0.07879273504273475
2020-01-01,15.849999999999998,7.091463414634147,334.0,0.0,0.0,0.0,-434.42,2020,1,1,-0.9800000000000182,0.052617521367520584
2020-01-03,15.07317073170732,8.478048780487804,506.6666666666667,0.0,0.0,0.0,-434.37,2020,1,3,0.05000000000001137,0.05395299145299097
2020-01-04,12.842682926829267,7.2597560975609765,140.0,0.0,0.5,0.029850746268656716,-434.26,2020,1,4,0.11000000000001364,0.05689102564102552
2020-01-05,13.865853658536583,8.473170731707318,506.0,0.0,0.0,0.0,-434.31,2020,1,5,-0.05000000000001137,0.055555555555555136
2020-01-06,16.46951219512196,6.9524390243902445,572.5,0.0,0.0,0.0,-434.44,2020,1,6,-0.12999999999999545,0.05208333333333303
2020-01-07,16.540243902439027,7.631707317073174,308.3333333333333,0.0,0.0,0.029850746268656716,-434.59,2020,1,7,-0.14999999999997726,0.048076923076923385
2020-01-08,13.343902439024388,7.753658536585364,218.0,0.0,0.0,0.029850746268656716,-434.72,2020,1,8,-0.1300000000000523,0.044604700854699766
2020-01-09,12.174074074074072,8.247560975609755,155.0,0.0,0.0,0.0,-434.86,2020,1,9,-0.13999999999998636,0.04086538461538389
2020-01-10,12.942500000000004,7.546249999999999,117.5,0.0,0.0,0.0,-435.0,2020,1,10,-0.13999999999998636,0.037126068376068015
2020-02-02,17.087804878048782,9.402439024390246,368.57142857142856,0.0,0.0,0.0,-434.41,2020,2,2,0.589999999999975,0.05288461538461436
2020-03-05,26.525609756097555,12.043902439024393,604.2857142857143,0.0,0.0,0.0,-434.31,2020,3,5,0.10000000000002274,0.055555555555555136
2020-10-29,30.228915662650618,19.98192771084338,544.0,0.0,0.0,0.0,-435.09,2020,10,29,-0.7799999999999727,0.03472222222222253
2020-11-29,21.03846153846154,11.00769230769231,550.0,0.0,0.0,0.0,-435.18,2020,11,29,-0.09000000000003183,0.03231837606837552
2021-01-01,20.74216867469879,10.86987951807229,530.0,0.0,0.0,0.0,-435.23,2021,1,1,-0.05000000000001137,0.030982905982905134
2021-01-04,22.336585365853654,11.803658536585365,456.0,0.0,0.0,0.0,-435.37,2021,1,4,-0.13999999999998636,0.027243589743589258
2021-01-07,22.654216867469884,12.796385542168672,538.3333333333334,0.0,0.0,0.0,-435.69,2021,1,7,-0.3199999999999932,0.018696581196580894
2021-01-08,22.156626506024093,11.612048192771084,550.0,0.0,0.0,0.0,-435.84,2021,1,8,-0.14999999999997726,0.014690170940171245
2021-01-11,23.15662650602409,10.813253012048191,550.0,0.0,0.0,0.0,-436.21,2021,1,11,-0.37000000000000455,0.00480769230769249
2021-01-12,24.746987951807235,12.473493975903617,513.3333333333334,0.0,0.0,0.0,-436.25,2021,1,12,-0.040000000000020464,0.003739316239315875
2021-01-31,19.221686746987952,9.477108433734935,522.0,0.0,0.0,0.0,-435.31,2021,1,31,0.9399999999999977,0.028846153846153424
2021-02-26,21.182926829268283,8.424390243902442,631.4285714285714,0.0,0.0,0.0,-435.28,2021,2,26,0.03000000000002956,0.029647435897436264
2021-03-10,29.571951219512208,14.760240963855425,492.85714285714283,0.0,0.0,0.0,-436.16,2021,3,10,-0.8800000000000523,0.006143162393161361
2021-04-29,32.46506024096385,15.849397590361447,721.6666666666666,0.0,0.0,0.0,-435.44,2021,4,29,0.7200000000000273,0.025373931623931322
2021-05-31,38.12409638554217,19.459036144578313,710.0,0.0,0.0,0.0,-435.55,2021,5,31,-0.11000000000001364,0.02243589743589677
2021-08-29,34.24337349397591,23.516867469879525,662.0,0.0,0.0,0.0,-436.0,2021,8,29,-0.44999999999998863,0.010416666666666304
